AddressID,CustomerID,ReceiverName,Phone,Address,PaymentMethod
1,1,翁俊傑,063 46038197,33626 關山縣民治街3號之8,Line Pay
2,2,顏建成,0900988402,239 卑南建國街58號之4,Cash on Delivery
3,3,范俊銘,01-29178971,24871 北港縣文山巷9號1樓,Cash on Delivery
4,4,江金龍,0916091845,48457 楊梅市紅樹林巷47號之2,Cash on Delivery
5,5,洪靜怡,0984-172814,729 高雄縣新生街4號之5,Credit Card
6,6,陳俊佑,05-59235695,68311 北港市大坪街37號之8,Line Pay
7,7,李淑芬,0980880103,47325 平鎮市光復路5段968號7樓,Line Pay
8,8,王俊宇,063 91694933,326 褒忠景美街2號8樓,Apple Pay
9,8,江志偉,00-94877788,23503 白沙中和街3段903號3樓,Line Pay
10,9,張威廷,(03) 69158284,46679 桃園縣民生路5段25號6樓,Cash on Delivery
11,10,顧義雄,0915-740674,44051 平鎮市華興街851號之7,Cash on Delivery
12,11,林秀玉,02-1998553,131 古坑仁愛路150號0樓,Line Pay
13,12,謝芸菲,09-9991164,702 平鎮昆陽路97號之4,Apple Pay
14,13,張秀梅,028 80649475,89561 鳳山大橋頭路7段20號之6,Line Pay
15,14,吳美英,0940-519154,175 連江紅樹林街82號6樓,Apple Pay
16,15,雷秀美,0922814133,81461 台南明德街5段474號4樓,Apple Pay
17,16,陳淑芬,014 10488316,78077 北港縣西門巷79號之8,Cash on Delivery
18,17,詹子恩,06 7854018,14803 金門縣景美街25號2樓,Cash on Delivery
19,17,周建宏,(04) 40415397,294 嘉義市民權巷32號0樓,Cash on Delivery
20,18,龔淑芬,058 96197665,99687 新竹市奇岩巷187號之6,Line Pay
21,19,劉怡君,0973-777193,40765 朴子市奇岩路8號1樓,Cash on Delivery
22,20,林淑慧,04 5567638,24070 八德市松山巷482號5樓,Cash on Delivery
23,20,林明哲,04-24648807,55210 竹田縣建國路75號5樓,Credit Card
24,21,周秀娟,(08) 98832223,366 板橋縣中華街985號之6,Credit Card
25,22,張淑華,(03) 13802353,345 平鎮莒光巷8段9號0樓,Apple Pay
26,22,鄧俊宇,023 83204444,96692 鳳山自由路748號之2,Line Pay
27,23,劉玉英,0934-077633,88761 永康縣淡水巷7段2號5樓,Credit Card
28,24,盧雅婷,035 91488473,41092 員林學府巷887號之6,Cash on Delivery
29,25,李淑貞,066 36183593,33268 阿里山中華巷6段516號之4,Line Pay
30,25,李麗香,0902-248698,219 太保小碧潭巷50號5樓,Line Pay
31,26,林建興,06-19511711,80997 草屯縣雙連街483號5樓,Apple Pay
32,27,梁承翰,0921983575,121 臺東縣奇岩巷709號7樓,Line Pay
33,28,廖建興,0963281145,42861 樹林市蘆洲街88號4樓,Apple Pay
34,29,林國華,03-3200460,67437 永康市興街6號之5,Apple Pay
35,30,歐進興,08 8054007,21153 彰化明德路21號之1,Apple Pay
36,31,林凱翔,0972-905069,18405 台中北投路86號之6,Line Pay
37,32,廖建良,09-9844537,66897 北港縣新北投路50號之1,Apple Pay
38,32,林建成,(01) 91150393,67325 橫山縣永安街94號1樓,Apple Pay
39,33,黃美玲,057 71528702,116 屏東自由路7段61號9樓,Apple Pay
40,34,鄭文龍,08 3441201,794 永康縣公園路50號1樓,Line Pay
41,35,洪武雄,01-5961716,686 台東四維巷63號5樓,Apple Pay
42,35,陳博文,0974277087,356 白沙市太平巷35號之9,Apple Pay
43,36,蘇美玉,00 5818148,808 澎湖福德巷40號9樓,Line Pay
44,37,蕭美玲,021 20765057,260 豐原芝山路1號7樓,Line Pay
45,37,李美雲,03-36435340,76852 嘉義市文化巷7號之1,Credit Card
46,38,林惠美,077 58710868,24456 高雄永和街289號之8,Line Pay
47,39,史志明,07-8976606,110 桃園民有街784號2樓,Credit Card
48,39,黃麗娟,027 59876810,609 彰化勝利巷3段7號2樓,Credit Card
49,40,陳宗翰,061 95685062,60929 三重縣民生路7段697號1樓,Apple Pay
50,41,黃秀娟,04 7475043,970 員林市松山路73號5樓,Apple Pay
51,42,游俊男,(04) 14934277,56922 牡丹市自強街96號之5,Cash on Delivery
52,42,張俊豪,0934-112697,43013 斗六市和平巷9段145號之4,Apple Pay
53,43,魏思妤,0985173583,418 卑南市雙連巷330號之1,Cash on Delivery
54,43,李碧珠,02-84434239,24176 新營市中央巷563號4樓,Cash on Delivery
55,44,劉素珍,(04) 32367657,416 褒忠縣五福巷398號之5,Cash on Delivery
56,45,張志偉,0995-160554,10595 馬公市福德巷2號0樓,Line Pay
57,46,陳秀玉,0967355240,505 斗六小碧潭路45號之6,Line Pay
58,47,陳家宏,(06) 18193808,79167 平鎮縣大同巷7段629號之4,Cash on Delivery
59,48,許建志,(07) 57557010,526 雲林縣新莊路151號5樓,Credit Card
60,49,蕭淑華,0948-427279,495 頭份大仁路26號0樓,Cash on Delivery
61,50,林志雄,08-3157151,65883 嘉義縣民有路2段212號之5,Credit Card
62,51,何志文,092 68082085,36131 白沙縣民生巷9號3樓,Apple Pay
63,52,謝麗娟,086 38739222,371 草屯縣光明路9段522號之4,Cash on Delivery
64,53,陳美娟,09-18192168,89783 楊梅縣龍山寺路7段2號5樓,Apple Pay
65,54,魏金龍,080 19999925,334 馬公市長安巷5號之1,Cash on Delivery
66,55,林美惠,03 4889000,19147 太平縣中山街13號7樓,Line Pay
67,56,蕭秀珠,08 9018410,54787 頭份自由路701號6樓,Apple Pay
68,57,陳淑惠,09 2319567,595 頭份松山巷53號7樓,Cash on Delivery
69,57,陳苡晴,08-4190843,913 台南市光復巷6段32號之1,Line Pay
70,58,歐美惠,0940427800,70541 基隆華興路211號7樓,Cash on Delivery
71,59,李麗華,0930-933677,53802 竹田市林森路16號3樓,Credit Card
72,60,李秀珠,08 8149245,613 台東信義巷48號之2,Line Pay
73,60,周國雄,(04) 91948103,893 臺東光復巷5段53號3樓,Line Pay
74,61,賴麗珠,(06) 55941605,25140 關山東湖路5號之4,Credit Card
75,62,尤淑慧,06 9003652,49333 頭份縣長安路31號4樓,Line Pay
76,63,李秀珍,030 33816474,772 汐止市新莊巷4號8樓,Cash on Delivery
77,63,蔡麗雲,01-11126749,82220 白沙市東興巷228號3樓,Apple Pay
78,64,林家宏,000 46146693,84999 北斗淡水巷5段6號2樓,Line Pay
79,65,吳淑惠,05-2547344,43228 新竹仁愛路1號4樓,Credit Card
80,66,許秀琴,(03) 60834737,688 頭份縣國凱八德巷1號之2,Cash on Delivery
81,66,王雅萍,0978058022,173 臺中市興街2號之8,Cash on Delivery
82,67,陳俊明,05-3760406,97209 屏東民富路3號之0,Cash on Delivery
83,68,鄭志銘,(02) 33741929,52954 桃園市五福路613號之1,Line Pay
84,69,郭哲維,03 3333706,14954 阿里山市自由路60號之5,Apple Pay
85,70,楊美雲,09 7565878,90450 屏東延平街1段759號3樓,Credit Card
86,70,陳麗娟,0936-854910,13965 北斗縣中和巷10號之2,Apple Pay
87,71,吳金鳳,0985119583,33179 梅山中興路54號0樓,Line Pay
88,72,李國雄,(08) 52093897,461 北竿正義街673號之4,Line Pay
89,73,張文龍,07 2952189,27981 馬公文化路3號之6,Apple Pay
90,74,蔣美惠,03 5145566,93500 北竿市忠孝路9段301號之0,Credit Card
91,75,呂惠珍,02-32703691,92644 北斗忠孝路14號之2,Cash on Delivery
92,76,郭美惠,003 15286307,61946 員林五福巷95號之0,Line Pay
93,76,林哲維,054 40794348,11985 桃園縣大智巷36號之2,Credit Card
94,77,陳金龍,037 83538592,378 桃園縣新生街489號8樓,Cash on Delivery
95,78,余秀梅,0963-294731,646 新北縣士林巷4號之2,Line Pay
96,79,廖麗珠,(03) 13039581,47386 宜蘭縣民享巷612號3樓,Cash on Delivery
97,80,陳建興,(07) 18281513,133 白沙自由街8號1樓,Credit Card
98,81,王子涵,0950-788093,387 馬公建國巷680號3樓,Credit Card
99,82,郭宥蓁,(07) 26678060,146 蘆洲華興街56號5樓,Line Pay
100,83,許雅玲,00 5839742,74632 南投劍潭巷64號之0,Line Pay
101,84,林詩涵,0914372714,671 北斗光明路5段6號之0,Cash on Delivery
102,85,林雅雯,0932850671,719 花蓮縣華興巷9段780號6樓,Apple Pay
103,86,湯勝雄,085 32401627,584 桃園市中和巷82號之9,Credit Card
104,86,陳怡婷,0900-674593,17205 斗六新興巷2段661號之8,Credit Card
105,87,陳宸睿,0991-161747,508 台北市民生巷1段645號之1,Apple Pay
106,87,林宗翰,00 3868104,82089 屏東縣關渡巷862號3樓,Apple Pay
107,88,王宗霖,0952-592001,51608 花蓮大智街2號5樓,Apple Pay
108,89,石家宏,07-2307138,70765 屏東縣新北投街3號之3,Line Pay
109,90,葉志文,0954-700339,307 三重市平和街55號5樓,Cash on Delivery
110,90,楊志成,068 87234814,61988 臺東市學府巷661號之3,Line Pay
111,91,林麗美,01-75731906,321 花蓮平和街96號4樓,Credit Card
112,91,潘秀鳳,(06) 14189328,669 花蓮劍潭街696號4樓,Line Pay
113,92,黃秀琴,0904322432,50977 古坑市府中街8號之1,Cash on Delivery
114,92,劉淑珍,(07) 69565705,68997 新竹縣中央巷1段3號4樓,Line Pay
115,93,許雅婷,01 5009491,712 阿里山中華巷9段90號之0,Line Pay
116,94,林宜蓁,09-7135839,91813 梅山縣劍南路630號3樓,Cash on Delivery
117,94,林麗珍,043 97668553,10925 頭份大智路1段89號2樓,Credit Card
118,95,黃淑貞,040 81046367,97595 嘉義大安路49號9樓,Cash on Delivery
119,96,李秀玲,(08) 53398395,769 屏東新生街8號6樓,Apple Pay
120,97,周志宏,03-69624917,67683 草屯天母巷222號8樓,Apple Pay
121,98,黃淑娟,0998-863305,532 竹田永寧街77號3樓,Apple Pay
122,99,王怡婷,02-34268395,32547 雲林天母路4號之6,Apple Pay
123,100,余美玲,09-5086540,560 八德自由街600號1樓,Cash on Delivery
124,101,黃柏宏,01-4736726,836 太平學府路5號之8,Credit Card
125,102,蔡淑華,0976-722377,765 台北大仁路6號之2,Cash on Delivery
126,103,陳欣怡,032 36280123,38923 三重雙連街68號之1,Apple Pay
127,104,郭建成,0981-729650,452 宜蘭光明路391號之6,Cash on Delivery
128,105,曹麗香,0966-670181,781 白沙市華興路799號之6,Credit Card
129,106,謝武雄,05 7227922,284 光復西門街8號之9,Line Pay
130,107,陳宥蓁,05-1217137,14112 梅山縣中華巷4段327號之0,Line Pay
131,107,朱禹彤,0986452357,337 中壢民富巷4號之4,Apple Pay
132,108,林信宏,08 4570251,28997 新營縣文化路67號5樓,Line Pay
133,109,徐麗雲,02 2252894,319 蘆竹中央街81號之3,Cash on Delivery
134,110,林建良,04-99834339,28714 臺中中興巷20號8樓,Apple Pay
135,110,郭冠霖,013 98802090,993 臺中正義巷2號8樓,Credit Card
136,111,許麗香,06-43020582,42916 永康動物園巷3段782號之3,Line Pay
137,112,張美玉,036 50035645,74726 連江劍潭路2段4號之6,Credit Card
138,113,陳秀琴,(04) 19091647,88707 南投新生路524號7樓,Line Pay
139,114,楊建興,030 26084576,325 桃園民享街7段30號0樓,Credit Card
140,115,李子宸,(09) 15984056,75179 太平市淡水路1號5樓,Line Pay
141,116,賴淑華,08-9256729,85634 金門奇岩街46號0樓,Apple Pay
142,117,曾明哲,051 39084810,402 基隆市國凱八德街1號3樓,Line Pay
143,118,黃志鴻,(03) 98166760,802 關山市石牌街40號之1,Cash on Delivery
144,119,陳美惠,(01) 48699155,66411 新營縣和平巷7段47號之1,Credit Card
145,119,張冠宇,0974030164,17036 屏東新店路56號6樓,Apple Pay
146,120,李淑芳,0965-476524,597 汐止福安路918號之6,Line Pay
147,121,唐俊良,0976107591,59275 馬公縣大同路173號3樓,Line Pay
148,122,吳建興,07-24638965,56274 台東文昌路861號3樓,Credit Card
149,123,吳麗美,08-7474470,837 八德西門路4段563號之4,Cash on Delivery
150,123,陳麗玉,06-9393142,82784 宜蘭民生街63號3樓,Apple Pay
151,124,張宇翔,09-91617429,97819 豐原五福街9段845號2樓,Line Pay
152,125,蔡秀玉,(07) 13412671,585 橫山民族街6號9樓,Cash on Delivery
153,126,陳美麗,07-69257985,906 牡丹永寧路1號之4,Credit Card
154,127,陳秀鳳,0934814731,61687 員林市東湖路48號之3,Line Pay
155,128,官政宏,03 8856760,73120 南投市博愛街542號9樓,Line Pay
156,129,黃柏宇,0902-990448,222 北斗大智街1號0樓,Line Pay
157,130,陳宥廷,083 43639303,71701 嘉義市新生路526號3樓,Apple Pay
158,131,李淑惠,0902-593282,992 梅山太平街962號7樓,Apple Pay
159,132,黃宸睿,00-1483661,731 馬公市華興街1號1樓,Line Pay
160,133,涂美娟,09 4670002,81643 竹田淡水街9號3樓,Cash on Delivery
161,133,張志成,03-61906282,586 古坑縣文昌巷7號3樓,Apple Pay
162,134,華淑芬,015 66763801,986 雲林福安街306號之3,Apple Pay
163,135,張明輝,0957-686847,78837 古坑國凱八德街4號5樓,Cash on Delivery
164,136,劉明輝,007 66864526,22497 北港西門巷984號3樓,Line Pay
165,136,周淑芬,(08) 32391364,33899 新竹市光華巷610號5樓,Credit Card
166,137,張美玉,08-9423899,816 牡丹仁愛街29號之7,Credit Card
167,138,蔡秀蘭,(09) 72973215,91717 太平市景美街862號7樓,Line Pay
168,139,高玉珍,0962229936,11406 基隆市正義路15號之7,Line Pay
169,140,魏俊宏,056 30201197,476 橫山芝山巷6號6樓,Line Pay
170,141,羅世明,01-9342412,70985 樹林和街街3號2樓,Cash on Delivery
171,141,蔡淑芬,0958-303011,371 鳳山新北投路8號之1,Cash on Delivery
172,142,楊志成,02-96685155,20497 臺東迴龍路98號之3,Line Pay
173,143,謝惠珍,077 97472663,247 豐原中央路86號之8,Credit Card
174,144,吳永昌,00-23372751,316 斗六大橋頭路9號8樓,Cash on Delivery
175,145,吳明宏,027 69493702,394 臺東縣明德街7段43號之5,Cash on Delivery
176,145,簡秀英,06-1305133,648 橫山市信義巷4號3樓,Credit Card
177,146,洪怡萱,08 7193722,78174 白沙市民權路4號之7,Credit Card
178,147,陳素貞,0956543193,445 朴子市動物園路2號之1,Credit Card
179,148,王文章,0927811509,696 八德永寧街7段106號3樓,Credit Card
180,148,施秀珍,0936394961,802 苗栗縣長春街369號之2,Credit Card
181,149,馮美慧,(07) 24413333,202 澎湖關渡路1號7樓,Credit Card
182,150,李承翰,00 8264388,27383 三重市萬隆路2段1號0樓,Line Pay
183,151,許子翔,(09) 17427647,293 北竿大同街15號之9,Credit Card
184,152,陳政宏,(07) 24006586,58016 臺東芝山街548號2樓,Cash on Delivery
185,153,陳家瑋,07 3839028,876 梅山市長安巷9號5樓,Cash on Delivery
186,154,王俊傑,01 7024317,90141 太保士林街961號2樓,Credit Card
187,155,葉冠宇,0921-267860,672 永和縣平和巷6號之3,Line Pay
188,156,陳哲瑋,08 3885042,23345 苗栗市雙連街69號2樓,Cash on Delivery
189,157,吳凱翔,00-4800973,39907 汐止市和街巷3號之3,Credit Card
190,158,陳麗玉,079 41769185,10277 台北縣中山街8段233號之2,Line Pay
191,159,莊金龍,059 72364551,66823 台北中山路5號之7,Credit Card
192,160,陳志豪,08 8220872,24892 南投縣平和街930號6樓,Credit Card
193,161,傅明輝,0906-050356,592 高雄縣景美巷9號之5,Cash on Delivery
194,162,簡文傑,067 43396576,859 澎湖士林路6號7樓,Line Pay
195,163,劉秀琴,020 29577389,499 汐止縣新店街7段759號8樓,Credit Card
196,164,李俊雄,05-9657997,45880 頭份新店巷3段641號之0,Credit Card
197,165,黃淑貞,08-2560389,737 頭份縣光華巷6段174號0樓,Credit Card
198,166,陳冠廷,09 4640061,829 阿里山市廣慈路1段774號4樓,Credit Card
199,166,劉淑敏,0916210016,15639 三重東湖街828號5樓,Line Pay
200,167,羅秀琴,09 5646728,84826 苗栗中華街7號0樓,Credit Card
201,168,蔡麗香,0939-031145,333 永康國凱八德巷4號9樓,Line Pay
202,169,宋家瑋,0956-952165,91672 蘆洲縣福德街2段9號6樓,Apple Pay
203,170,陳麗珍,0970-276859,28304 中壢信義巷9號7樓,Line Pay
204,171,俞怡君,00-8233508,40569 連江蘆洲街71號0樓,Apple Pay
205,172,陳文雄,068 74847549,88162 太平市文昌街441號3樓,Line Pay
206,173,畢淑娟,0901-984800,616 中壢縣自由路1號之1,Line Pay
207,174,黃淑芬,05-9390454,76166 太平縣華興巷431號7樓,Credit Card
208,174,賴秀梅,0919-715883,12030 台北縣福德街745號6樓,Credit Card
209,175,蔡承翰,0923-520344,96226 金門縣長春路7號之8,Apple Pay
210,176,陳秀珠,(06) 73629775,95752 金門學府路994號之6,Credit Card
211,177,黃俊傑,0955-287393,21535 員林縣博愛街844號1樓,Cash on Delivery
212,178,陳正義,0939-235078,940 汐止縣正義街816號8樓,Line Pay
213,179,劉玉鳳,02-35872316,33323 汐止縣新興路9段52號8樓,Credit Card
214,180,趙俊宏,(08) 21869075,81782 關山縣育英街740號之5,Apple Pay
215,181,黃春美,07-99474246,21606 太保縣府中路3號3樓,Credit Card
216,181,柯淑玲,0950-094613,410 橫山劍潭路840號之8,Apple Pay
217,182,黃美蘭,05 1898157,775 永和大橋頭路7段1號4樓,Line Pay
218,183,廖美雲,05-92968740,725 永康縣中華街32號3樓,Cash on Delivery
219,184,林秀美,01-1059607,150 竹北縣成功巷688號之6,Apple Pay
220,185,陳家銘,0994405593,57989 員林縣興巷759號之1,Credit Card
221,186,黃志偉,0967512704,36196 橫山縣奇岩巷33號之4,Apple Pay
222,187,劉雅玲,0989072047,51633 桃園西門巷25號2樓,Apple Pay
223,188,葉正義,0992380030,88212 高雄市正義路9段101號0樓,Cash on Delivery
224,189,饒秀華,020 67915361,725 豐原市和平巷831號7樓,Cash on Delivery
225,190,鍾麗珠,0932041380,10839 新竹太平街181號3樓,Credit Card
226,191,蘇家宏,0932414949,673 竹北市動物園街6段2號8樓,Apple Pay
227,192,胡子豪,(03) 52953315,72321 白沙縣自由巷2號4樓,Credit Card
228,193,陳俊雄,082 68348264,518 古坑福德路90號之2,Apple Pay
229,194,莊秀霞,(09) 79225596,37191 光復四維巷3段20號0樓,Credit Card
230,195,徐素貞,0942854739,928 臺中莒光巷5號2樓,Apple Pay
231,195,謝美麗,(04) 36783036,94132 馬公大安街8號之5,Apple Pay
232,196,方俊豪,08-63285358,70878 卑南莒光巷986號2樓,Apple Pay
233,197,吳金龍,(02) 31359960,435 梅山縣永安街83號5樓,Line Pay
234,198,鄭美珠,(02) 74272264,513 蘆洲萬隆巷23號之6,Cash on Delivery
235,198,賴俊傑,0967-698458,58700 蘆洲縣忠孝巷9段230號之0,Credit Card
236,199,梁素貞,03-4423700,618 關山市廣慈街5段25號之5,Credit Card
237,200,梁心怡,068 25912986,327 新營新埔巷2段754號8樓,Apple Pay
238,201,鄭進財,09 5656793,835 中壢市水源巷203號5樓,Cash on Delivery
239,201,李建志,05-32816788,580 臺東民權巷758號之5,Credit Card
240,202,林金龍,07 2687917,355 員林縣小碧潭街6號1樓,Apple Pay
241,203,黃正雄,01 3294320,795 竹田大仁街8號2樓,Line Pay
242,204,楊世昌,(08) 35780454,97852 彰化育英街5段460號2樓,Cash on Delivery
243,205,莊文彬,07-95142122,42528 中壢縣新生街1號之4,Credit Card
244,206,林秀珍,01 3261981,95743 高雄市自立街5段778號4樓,Credit Card
245,207,陳秀琴,0995-604000,436 古坑福安巷521號之3,Cash on Delivery
246,207,陳品妤,03-2377777,636 桃園中山街860號1樓,Line Pay
247,208,王國雄,01 8621527,600 蘆竹縣小碧潭巷8段550號6樓,Cash on Delivery
248,209,洪素貞,01 3377127,437 北斗中興路610號之1,Line Pay
249,210,施宗翰,03-80345675,141 朴子市大橋頭路12號之1,Apple Pay
250,210,蘇雅慧,07 6503656,726 光復縣松山街119號3樓,Apple Pay
251,211,張明哲,00-6554420,878 褒忠市動物園路3號之4,Line Pay
252,211,林文雄,01-16990366,18827 新竹縣育英路5號5樓,Line Pay
253,212,吳美珍,01 1268454,77281 澎湖文昌路1段30號之4,Line Pay
254,213,林素琴,01 8892259,27938 北港景美巷2號8樓,Apple Pay
255,213,葉品妍,07-14765761,382 平鎮中山路90號1樓,Apple Pay
256,214,崔秀英,083 70955424,56828 豐原市成功街5段785號之8,Cash on Delivery
257,215,曾慧玲,06-33909884,79473 橫山東興路5段803號6樓,Cash on Delivery
258,215,陳玉英,003 14277177,482 光復民生街184號3樓,Line Pay
259,216,柯秀珠,0938-182332,74317 北竿中山巷1號6樓,Line Pay
260,217,潘宇翔,047 54975244,503 嘉義縣民富路259號2樓,Line Pay
261,218,顏淑慧,0941091616,54532 八德縣水源街6號之7,Cash on Delivery
262,219,江雅玲,00 5652880,30506 台中博愛巷8段3號3樓,Apple Pay
263,220,范秋香,03-87366325,298 雲林縣大勇巷7號之7,Credit Card
264,221,蘇美玲,(01) 44914219,789 蘆竹雙連巷2段7號8樓,Apple Pay
265,222,吳美玲,0967820592,942 新營信義街42號8樓,Line Pay
266,222,謝金鳳,07 7166766,90567 草屯縣三民路593號9樓,Apple Pay
267,223,郭子翔,06-8401205,548 卑南市新生巷59號之9,Cash on Delivery
268,224,陳淑芬,00-38823991,257 新營西門巷2段9號2樓,Cash on Delivery
269,224,陳文正,09-9312339,82031 鳳山縣大坪街164號之8,Credit Card
270,225,蔡淑惠,0976-783250,115 鳳山市光華巷42號之3,Apple Pay
271,226,潘建良,0942167026,850 台南市正義巷104號4樓,Credit Card
272,227,彭文傑,06 9877685,735 梅山永寧街3段4號之5,Line Pay
273,228,魏正義,0967921411,341 台南永和街7號0樓,Credit Card
274,228,蔡明輝,00-22467440,25568 花蓮水源路3號之1,Apple Pay
275,229,陳威廷,024 96027272,872 北港府中路6號之0,Apple Pay
276,230,翁志偉,08-25123209,48523 臺東縣華興路1號6樓,Credit Card
277,231,陳雅玲,0982-195148,51325 彰化市文昌路267號之4,Credit Card
278,232,黃月娥,0990-589228,84078 桃園南街5段696號9樓,Cash on Delivery
279,233,游志文,0900648709,37703 北竿市西門街2段945號之1,Apple Pay
280,234,黃惠珍,027 97808526,710 古坑劍南路5號之6,Apple Pay
281,235,廖冠宇,055 58710760,307 三重水源巷168號之1,Credit Card
282,236,鄭義雄,07-2043017,49298 斗六市長安路759號7樓,Cash on Delivery
283,237,李俊銘,096 11769702,61016 彰化頂福州巷37號6樓,Credit Card
284,238,詹美玉,0996-281742,28885 牡丹民享街52號1樓,Line Pay
285,239,李淑娟,0936489096,30764 台東縣新北投街47號之2,Cash on Delivery
286,240,江淑芬,0993455627,66753 中壢莒光巷133號之6,Cash on Delivery
287,241,黃文雄,03 8951639,51057 苗栗市勝利巷2號6樓,Cash on Delivery
288,242,楊仁傑,0918-681386,59274 頭份關渡巷9號8樓,Line Pay
289,243,高美玉,0911-641469,32018 北斗縣新莊路8段881號之0,Cash on Delivery
290,244,陳俊豪,04-24187499,30220 蘆竹縣成功街127號之8,Line Pay
291,245,曾俊賢,0999-391861,76307 臺東市公園巷7號之3,Credit Card
292,246,潘俊宏,07 3818033,10918 基隆縣關渡街93號1樓,Line Pay
293,247,張志誠,01-24808707,27691 蘆洲市忠孝路64號6樓,Cash on Delivery
294,248,楊麗玲,05-22103796,24639 桃園自強路219號之7,Line Pay
295,249,鍾碧雲,0948-004318,178 平鎮縣中山街68號之8,Line Pay
296,250,蕭美雲,03 4226060,914 基隆縣民族巷1號6樓,Apple Pay
297,251,王志遠,(07) 61660267,24083 新營縣光華巷2段4號之8,Cash on Delivery
298,252,吳慧玲,(09) 58591142,101 高雄縣景美街8號1樓,Cash on Delivery
299,253,許羽彤,0967504784,50719 阿里山縣太平巷3段219號之3,Line Pay
300,254,鄭麗華,0923-271939,993 朴子福德路41號3樓,Cash on Delivery
301,255,李宥蓁,04-72563624,68127 梅山縣民治路2段9號之1,Line Pay
302,256,洪美鳳,(08) 49370982,96631 褒忠縣新生路3段1號之7,Cash on Delivery
303,257,毛建興,08-8001058,287 永和市新生路563號之7,Credit Card
304,258,吳明哲,0982-860560,36907 關山中和巷8號之6,Credit Card
305,259,蔡美玲,09-24306381,389 斗六市林森街8段8號之3,Line Pay
306,260,吳麗美,01-94957654,190 平鎮和街街3段44號之2,Credit Card
307,261,范姜子睿,(08) 35727322,23023 苗栗華興路227號之7,Cash on Delivery
308,261,劉怡君,05-93434989,425 牡丹光復路98號4樓,Line Pay
309,262,蔡淑芬,08-37770607,599 馬公市永寧巷358號之7,Apple Pay
310,263,陳秀玲,0913-885968,72429 八德大坪街6段84號3樓,Credit Card
311,264,尤永昌,0926-965825,396 八德縣劍南巷7段244號2樓,Cash on Delivery
312,264,劉建宏,09 2353619,535 樹林市廣慈路5號之9,Credit Card
313,265,張秀玉,0923-106721,86785 板橋市蘆洲巷2號9樓,Credit Card
314,265,廖雅玲,037 75970893,408 板橋縣關渡街8號之5,Cash on Delivery
315,266,李俊宏,03-65547335,975 連江市芝山街3號6樓,Credit Card
316,266,彭麗美,(07) 62836278,992 豐原市文山街5號之5,Credit Card
317,267,楊柏宇,0974-647092,327 褒忠太平街1號1樓,Apple Pay
318,268,李家宏,0989730467,961 八德新生街6段169號之7,Apple Pay
319,268,戴月英,00 6461611,89535 金門縣民有路2段6號3樓,Apple Pay
320,269,吳月英,(06) 19673220,616 北港縣忠孝街401號之0,Line Pay
321,270,傅素蘭,0916354480,713 頭份市廣慈街498號8樓,Line Pay
322,271,姜美慧,0992-014173,40385 竹田市福安巷7號之7,Cash on Delivery
323,272,許進發,09 6282633,79243 臺東縣石牌路345號5樓,Cash on Delivery
324,273,秦哲瑋,0966231656,272 卑南大智巷996號之1,Line Pay
325,274,闕聰明,06-60518899,75336 台南縣仁愛巷4號9樓,Cash on Delivery
326,275,黃雅慧,0999-869409,880 北斗縣學府路38號之9,Line Pay
327,276,莊彥廷,09-4361597,487 光復文昌街5號2樓,Line Pay
328,277,黃秀英,01 1084720,49592 台北奇岩街4段90號之7,Line Pay
329,278,魏家宏,011 27883926,68762 新營市明德路982號之0,Cash on Delivery
330,279,陳月英,0987-044164,662 光復縣中山街2段403號之7,Line Pay
331,279,周文正,0916332809,59899 員林縣興巷5號6樓,Apple Pay
332,280,盧麗娟,0953456734,427 八德永寧巷505號之9,Line Pay
333,280,高文雄,0934926960,985 太保興路97號之0,Credit Card
334,281,何宜蓁,00-3839399,38150 竹田市福安路361號之1,Apple Pay
335,282,劉寶珠,09-1894966,383 三重頂福州街8號1樓,Apple Pay
336,282,劉柏諺,032 27541386,587 新北縣關渡街59號5樓,Cash on Delivery
337,283,吳玉琴,0927-686280,366 竹田市公園路7號8樓,Line Pay
338,283,林柏宇,09 2387944,880 台南動物園路7段38號7樓,Cash on Delivery
339,284,曾秀雲,0982586767,24500 高雄中山路964號5樓,Cash on Delivery
340,285,簡詠晴,05 7081113,978 北竿新埔街192號5樓,Credit Card
341,286,鄭美玲,0964-610732,612 花蓮大智街383號4樓,Cash on Delivery
342,286,鄭秀蘭,08 7504930,789 基隆南街6號之5,Credit Card
343,287,陳秀鳳,01 1912764,62165 竹北市廣慈路831號1樓,Line Pay
344,288,陳明珠,0939-315660,55790 梅山大同巷3段439號之7,Credit Card
345,289,賴美蘭,0956324688,23061 台南勝利巷7段901號9樓,Line Pay
346,290,蔡宗翰,03 9207507,69717 草屯石牌路5號0樓,Cash on Delivery
347,291,陳心怡,027 15348775,502 苗栗縣育英路4號之9,Credit Card
348,292,陳文華,073 51792288,576 桃園市新埔巷5段31號之3,Apple Pay
349,292,楊怡君,(04) 64085523,166 臺東東湖街83號之4,Line Pay
350,293,陳柏霖,05-48525952,78907 蘆竹復興巷4號2樓,Apple Pay
351,294,吳文雄,0979-166998,76946 古坑市大勇巷8號之5,Line Pay
352,295,林志成,05-2129727,23787 台南新北投路9段350號之2,Line Pay
353,296,方博文,057 58018715,567 關山大勇路7段53號之2,Apple Pay
354,297,高淑美,087 51946795,731 蘆洲縣昆陽街604號1樓,Cash on Delivery
355,298,楊文章,00-8170549,726 永和動物園路270號之7,Apple Pay
356,299,林博文,06-54167009,828 關山市劍潭巷3段92號4樓,Apple Pay
357,300,黃秀美,0963-192423,273 草屯縣奇岩路9號2樓,Line Pay
358,301,許素琴,0946-803641,799 中壢大仁街5號之0,Cash on Delivery
359,302,王志偉,(06) 18318820,85541 高雄中央巷20號1樓,Credit Card
360,302,陳志宏,00 8335352,69244 臺東民享街563號1樓,Line Pay
361,303,饒郁婷,(05) 78873761,52666 雲林文昌路769號之3,Credit Card
362,303,陳志宏,00 9529836,63249 台南縣長安街50號2樓,Cash on Delivery
363,304,張俊明,(03) 89729035,47841 大里市復興巷249號9樓,Apple Pay
364,305,許子睿,07-7233453,598 宜蘭縣劍南街87號之5,Line Pay
365,306,黃秀美,03-1960209,487 連江市文昌街849號6樓,Line Pay
366,307,汪秀霞,09 6308016,758 連江市復興路597號7樓,Credit Card
367,308,陳宇恩,00 6554081,709 台南廣慈路3號0樓,Cash on Delivery
368,308,吳冠廷,0929-930423,762 苗栗市文昌街52號之8,Credit Card
369,309,魏文雄,05-21338331,514 新竹象山巷71號之8,Cash on Delivery
370,310,王慧玲,(06) 72431896,691 苗栗博愛路930號2樓,Line Pay
371,311,羅志豪,0974-788721,33655 台北平和街7段24號之9,Credit Card
372,312,廖建宏,(04) 78219905,100 斗六林森街886號7樓,Cash on Delivery
373,313,李俊傑,06-50123965,29840 楊梅縣文昌街88號之6,Apple Pay
374,314,劉淑芬,0981-670512,664 新營莒光路26號之0,Cash on Delivery
375,315,陳文彬,0992003040,719 關山華興巷4段15號9樓,Cash on Delivery
376,316,陳志豪,01-8483743,83974 北港華興巷21號之6,Apple Pay
377,317,蔡政宏,0923-869048,12204 馬公縣和街街57號之2,Credit Card
378,318,陳雅惠,0904-728634,96980 連江縣自強路954號3樓,Cash on Delivery
379,319,黃淑芬,0987-428670,237 花蓮市新店巷4號之9,Apple Pay
380,320,秦俊宇,(04) 24420923,12716 太保縣永和街6段9號之0,Apple Pay
381,320,周雅雯,029 36693846,161 關山福德巷1號3樓,Apple Pay
382,321,林家豪,08 6959993,17027 馬公松山巷4號8樓,Line Pay
383,322,林美英,04-87871345,14973 台東育英路4號7樓,Cash on Delivery
384,323,吳素蘭,05 6008659,766 朴子市永寧巷6段23號之0,Cash on Delivery
385,324,范進財,02 8228432,354 斗六南路928號0樓,Line Pay
386,325,邱宗憲,06-84507758,70718 八德大坪巷14號之8,Apple Pay
387,326,黃志偉,035 52213500,11212 卑南光華路6段9號9樓,Credit Card
388,326,謝宗翰,04 2970546,711 馬公縣新埔街442號之2,Credit Card
389,327,謝建興,0935802768,510 新營縣育英街26號之3,Apple Pay
390,328,紀雅雯,00 9299896,503 三重縣平和巷330號3樓,Line Pay
391,329,林家豪,0962636792,656 彰化市新興街8號之8,Cash on Delivery
392,329,謝美雲,0993-074739,642 竹田市龍山寺街981號3樓,Credit Card
393,330,許博文,08-25001686,15997 橫山新莊街29號8樓,Credit Card
394,331,王哲維,(04) 50502140,51279 白沙市新興巷5號之5,Line Pay
395,332,陳志忠,06 6985830,880 梅山市新生街357號之3,Credit Card
396,333,林明宏,06 5736428,94420 新竹市復興路69號之8,Line Pay
397,334,呂素卿,03-38858147,42631 橫山縣成功街5號之2,Cash on Delivery
398,335,徐麗珠,(08) 30217406,992 竹北縣福德街9號之7,Cash on Delivery
399,336,楊美玉,0960-291412,81217 澎湖劍潭街8號之1,Apple Pay
400,337,吳國雄,089 29756284,63537 北斗小碧潭路157號5樓,Apple Pay
401,338,郭心怡,0912334735,18308 桃園華興巷8號8樓,Cash on Delivery
402,339,游美玲,01 1379156,68570 永和民生街3號4樓,Line Pay
403,340,葉建興,0933247708,67513 竹田長安路2段3號3樓,Line Pay
404,341,楊志銘,04-7763073,42345 斗六市府中路2段5號之3,Apple Pay
405,342,張宥廷,086 29477834,472 台東市延平巷431號之2,Line Pay
406,343,楊正義,(01) 14481772,159 橫山市學府路93號之8,Line Pay
407,343,紀恩碩,02-2697873,274 台南縣大坪巷788號5樓,Line Pay
408,344,蘇進財,04-95084010,188 台北市五福路3號之6,Line Pay
409,344,蘇惠珍,0970038401,78573 鳳山縣國凱八德巷2段104號之5,Credit Card
410,345,廖宜蓁,0997-284292,95828 苗栗縣自由路275號之1,Apple Pay
411,346,劉家瑋,0949-105817,21045 頭份民享巷586號7樓,Credit Card
412,346,王建銘,050 39954309,476 竹北東湖街7號6樓,Line Pay
413,347,林仁傑,086 10666522,93854 花蓮市水源巷40號0樓,Apple Pay
414,348,梁素琴,004 34627198,846 白沙縣象山街9段8號9樓,Cash on Delivery
415,348,洪明哲,0949562285,47082 永和縣民有街53號8樓,Credit Card
416,349,葉秀美,026 26971505,781 豐原市民富路9段4號之2,Apple Pay
417,350,簡麗珠,08 9240164,328 朴子永寧巷4段884號之7,Credit Card
418,351,蔡羽彤,0990-687846,212 關山市忠義街8號5樓,Apple Pay
419,352,陳志偉,01-83426964,662 竹田縣育英街6號之4,Cash on Delivery
420,353,林志豪,(09) 81487735,512 雲林信義路4號之2,Apple Pay
421,354,蔡素珍,0913-128225,35838 草屯市民族巷71號之7,Line Pay
422,355,張素珠,065 51955856,723 板橋市新生路6段42號之7,Cash on Delivery
423,356,洪志賢,06-3444204,854 關山東興巷782號之4,Credit Card
424,357,孔芯語,06-45096934,519 北港蘆洲巷4號9樓,Credit Card
425,358,莊麗香,0921693236,22416 新營仁愛巷41號之0,Apple Pay
426,359,吳志偉,06 9888750,11639 橫山太平街3段567號1樓,Credit Card
427,360,林淑貞,00-92843719,762 中壢市民權路6段1號9樓,Cash on Delivery
428,360,張哲瑋,04-5569464,376 蘆竹縣頂福州路5段309號1樓,Cash on Delivery
429,361,陳承翰,07 6631544,94015 永和新北投街4號6樓,Line Pay
430,362,楊志宏,03-9920263,759 嘉義福安巷4號1樓,Line Pay
431,363,尤家豪,(08) 45378400,84948 褒忠縣文化路7號之2,Apple Pay
432,363,陳志強,083 81461405,97032 花蓮光復街8段1號3樓,Line Pay
433,364,鄭淑玲,(05) 83910836,92122 新竹土城巷755號0樓,Cash on Delivery
434,365,陳玉蘭,00-7956606,796 蘆洲仁愛街629號6樓,Apple Pay
435,366,林文龍,0915594004,44765 阿里山西門路6號之4,Credit Card
436,367,鄭秀玉,(09) 65135578,22305 中壢大坪街425號0樓,Cash on Delivery
437,368,張文龍,08-56813963,468 草屯永寧街202號2樓,Line Pay
438,369,高俊宏,(07) 49105759,876 梅山市淡水路5段87號9樓,Apple Pay
439,370,林建宏,(01) 94202809,59060 北斗市林森街223號之8,Apple Pay
440,370,劉志豪,0904557048,13780 新竹縣天母路9段3號0樓,Apple Pay
441,371,張志賢,0920851633,33328 關山天母街65號之3,Cash on Delivery
442,371,許秋月,0908-538431,45508 蘆洲縣大同巷853號之0,Cash on Delivery
443,372,謝怡君,0934015370,45179 平鎮市大仁路39號之1,Apple Pay
444,373,劉秀琴,0986-201542,74815 台北信義街387號8樓,Cash on Delivery
445,374,林淑芳,0971918878,38456 宜蘭縣育英街813號1樓,Cash on Delivery
446,375,陳玉蘭,0916-462417,18822 汐止市廣慈巷8段382號5樓,Cash on Delivery
447,376,潘美玲,05-9559421,856 桃園市大橋頭巷196號之8,Cash on Delivery
448,377,林雅玲,0959596870,228 竹田正義巷13號9樓,Credit Card
449,378,連政宏,023 43589962,65947 褒忠縣石牌路6號之0,Credit Card
450,379,簡信宏,0961-551108,23221 中和縣蘆洲街212號之2,Apple Pay
451,379,吳雅惠,0993713069,43675 朴子市學府街163號9樓,Cash on Delivery
452,380,林家銘,09-3298987,661 梅山延平街9號之0,Apple Pay
453,381,戴博文,(02) 81408121,90994 三重雙連巷23號5樓,Line Pay
454,382,郭怡婷,0977187851,528 阿里山縣民生巷83號0樓,Cash on Delivery
455,383,張麗玲,0950-447675,871 豐原市忠孝路933號8樓,Apple Pay
456,384,陳美惠,04-7043637,230 蘆洲縣文化路959號之4,Cash on Delivery
457,385,卓彥廷,05 5407354,364 太平市文昌街13號之3,Line Pay
458,385,陳建志,05 1374166,322 八德四維巷669號之5,Apple Pay
459,386,陳文賢,01 9802653,419 牡丹縣大橋頭街7段549號3樓,Credit Card
460,387,顏淑珍,0954-051416,95486 高雄民享路64號9樓,Credit Card
461,388,游威廷,07-3562112,940 臺東土城路7段5號0樓,Credit Card
462,389,郭雅萍,(07) 75684923,47920 連江市光華巷523號之8,Cash on Delivery
463,390,蔡雅婷,00-41785288,375 臺中民族巷8號1樓,Apple Pay
464,390,盧雨霏,(06) 64177562,877 基隆大安巷41號之5,Apple Pay
465,391,黃美惠,042 26591327,484 橫山縣南街62號之3,Cash on Delivery
466,392,吳正雄,02-52938480,48414 板橋市延平街5號7樓,Apple Pay
467,393,李建良,02-63353606,841 汐止小碧潭路5號之6,Credit Card
468,393,賴正義,07 5486485,10739 斗六復興街705號之5,Credit Card
469,394,林冠宇,0912462106,863 雲林縣永安路28號1樓,Apple Pay
470,395,邱宇翔,03 6516592,266 阿里山文山巷3段2號之4,Apple Pay
471,396,劉博文,04-95110207,607 北斗石牌路6段1號6樓,Credit Card
472,397,陳美華,(08) 55355662,91044 斗六市大安路7段967號9樓,Cash on Delivery
473,398,莊美鳳,02-58623652,518 彰化大同街934號之9,Line Pay
474,399,鍾淑惠,05-33178159,876 頭份民權街40號8樓,Credit Card
475,400,邱秀枝,03 2489646,374 宜蘭市西門巷6號之5,Cash on Delivery
476,400,周志強,0957738722,806 鳳山文化路9段555號之7,Apple Pay
477,401,潘明輝,0982-519692,90660 台中頂福州路7號之6,Line Pay
478,402,張雅慧,07-3149983,86526 板橋公園巷627號之6,Cash on Delivery
479,402,邱政宏,0900584176,235 阿里山華興路76號8樓,Line Pay
480,403,陳麗珠,0988-208383,50232 褒忠市蘆洲巷1段899號5樓,Apple Pay
481,404,黃淑芳,(08) 32079707,72256 台南育英路326號1樓,Credit Card
482,405,張淑娟,05 1135544,735 新北縣光華路71號7樓,Cash on Delivery
483,405,蔡淑卿,0937-182113,685 蘆洲縣雙連巷2段718號之1,Cash on Delivery
484,406,張世昌,0912841891,723 澎湖博愛巷445號之8,Line Pay
485,406,鄭玉英,(04) 17380041,238 頭份市士林巷89號之9,Cash on Delivery
486,407,胡俊男,0916-845023,482 新營三民巷3號1樓,Apple Pay
487,408,鄭志偉,090 61696008,38188 基隆縣新生路723號之8,Credit Card
488,409,張子恩,07-55456718,74080 馬公市府中街71號7樓,Credit Card
489,410,陳家榮,041 97478564,96109 竹北西門巷6號之0,Line Pay
490,411,劉志偉,02-51870385,889 卑南長春街35號1樓,Line Pay
491,412,鐘文華,04 3111123,58725 鳳山水源街2段60號之8,Line Pay
492,413,曾秀珍,003 69081076,712 橫山市大勇巷7號之2,Credit Card
493,414,陳文欽,07 4133628,339 牡丹光復街90號之5,Credit Card
494,415,黃文彬,00 4194370,85843 中和土城街621號之9,Credit Card
495,416,陳志雄,028 60686495,591 基隆縣迴龍巷1號之8,Cash on Delivery
496,416,梁志強,01-9584753,935 朴子市光復路912號之6,Line Pay
497,417,蔡俊豪,(07) 43470449,95470 牡丹縣新北投路465號7樓,Credit Card
498,418,徐柏翰,0991-301031,25976 永和和平路59號之9,Cash on Delivery
499,419,楊宗翰,06-1604778,55252 豐原市關渡巷46號之7,Apple Pay
500,420,郭雅玲,07 3094007,73194 高雄縣永寧巷3號0樓,Line Pay
501,421,胡宇翔,0918-414509,426 中和廣慈路19號4樓,Cash on Delivery
502,422,蔡素蘭,09 4378967,37781 連江古亭街2號3樓,Apple Pay
503,423,張淑美,04-6311855,77552 汐止育英街89號7樓,Line Pay
504,423,賴秀美,078 69547530,59026 牡丹市自強巷9號之1,Credit Card
505,424,羅美玉,01 9552148,195 台中市博愛巷931號4樓,Apple Pay
506,425,林志明,0999713711,62602 三重民權巷86號4樓,Cash on Delivery
507,426,蔡志遠,02-7246646,467 竹田中和巷5號1樓,Cash on Delivery
508,426,林俊明,02 6196935,847 北斗昆陽巷72號之2,Line Pay
509,427,陳秀霞,(01) 34760676,23168 澎湖府中街28號之6,Line Pay
510,427,李宗憲,(08) 55371525,326 馬公中華街7段60號之1,Apple Pay
511,428,黃月英,085 49683145,28968 竹北縣育英路45號之0,Cash on Delivery
512,428,李淑娟,09-8849121,148 牡丹市中興街3段6號之6,Credit Card
513,429,謝秀華,09 9710368,32572 朴子自立街675號8樓,Line Pay
514,430,王麗華,07-41408363,694 新營縣東湖巷8段6號8樓,Line Pay
515,431,曾淑玲,0921601212,77409 白沙民享街34號3樓,Cash on Delivery
516,432,劉淑芬,0999-943942,72020 北斗府中路868號之2,Cash on Delivery
517,433,曲金蓮,08-7928174,67736 彰化新生街3號6樓,Credit Card
518,434,張秋月,0975288628,688 竹田市信義街671號之4,Line Pay
519,434,翁哲維,063 47527559,133 三重育英巷5段5號之6,Credit Card
520,435,陳淑娟,089 37628256,53002 竹田中興巷4號5樓,Cash on Delivery
521,436,黃玥彤,08-2273448,12032 北斗三民巷52號9樓,Credit Card
522,437,楊金鳳,06 9030991,41414 汐止市士林巷4號2樓,Apple Pay
523,438,胡志忠,04 9516579,916 員林縣新埔巷339號之1,Line Pay
524,439,許承翰,03-67627165,145 八德延平路64號8樓,Apple Pay
525,440,鍾玉梅,(05) 23959453,52398 古坑天母街551號7樓,Credit Card
526,441,陳冠廷,0915-194467,20743 梅山松山街7段26號4樓,Apple Pay
527,442,呂玉英,0917814750,325 古坑大仁街9段824號8樓,Credit Card
528,443,劉文彬,0949043993,537 竹田市民富巷75號之6,Apple Pay
529,444,許柏翰,(07) 99962586,983 關山市南街42號之9,Cash on Delivery
530,445,連文正,04 8068008,70743 苗栗關渡路5段229號7樓,Line Pay
531,446,張麗珍,0957284067,43072 雲林正義路546號之9,Cash on Delivery
532,446,傅信宏,0914-883692,662 板橋市勝利街647號7樓,Cash on Delivery
533,447,曹碧霞,09-3458733,177 中壢五福路9號7樓,Credit Card
534,447,廖秋香,05 4439356,90512 竹北天母路26號3樓,Cash on Delivery
535,448,蔡麗雪,0985810750,47602 永康四維巷5段81號之7,Line Pay
536,448,楊金龍,023 53367939,67317 朴子忠義街804號9樓,Cash on Delivery
537,449,黃宗憲,096 49342921,33431 竹北莒光巷8號2樓,Line Pay
538,450,黃志鴻,04-5441282,987 八德中央巷67號之4,Line Pay
539,451,林麗雲,08-6269960,74349 臺東和平路55號之3,Credit Card
540,452,蔡柏諺,07 9380587,32047 中和縣復興路889號之6,Cash on Delivery
541,453,劉淑惠,08-6606848,226 彰化縣大同路1號7樓,Cash on Delivery
542,454,沈雨霏,0987-401383,81336 板橋市太平街781號之5,Apple Pay
543,455,陳佳蓉,09-7181146,382 太平南路65號之4,Line Pay
544,455,黃玉鳳,0925-995290,825 蘆洲市自由巷177號之6,Credit Card
545,456,黃淑貞,0966-551978,425 中壢市正義街57號1樓,Cash on Delivery
546,456,葉宇翔,006 20231511,850 新營縣正義巷575號之7,Apple Pay
547,457,吳品睿,00-8426950,70747 宜蘭縣關渡街8段6號2樓,Apple Pay
548,457,鄭雅惠,(06) 53913678,32755 牡丹縣民富路5段488號之8,Line Pay
549,458,黃麗美,019 77528319,672 草屯市迴龍路84號4樓,Cash on Delivery
550,459,陳秀娟,06-7662329,97772 北斗縣中華街9段552號之7,Apple Pay
551,460,黎志雄,006 79552510,599 台東縣新埔街2號4樓,Line Pay
552,461,周志鴻,0937634872,419 阿里山市芝山街46號之4,Credit Card
553,462,曾秀美,(01) 73241397,22541 竹北龍山寺街8號5樓,Credit Card
554,463,吳淑惠,0988401518,828 三重市關渡路448號之9,Apple Pay
555,464,陳惠美,061 31771499,593 關山縣土城巷8段505號8樓,Apple Pay
556,465,陳秀蘭,0900453250,646 汐止士林路11號之1,Credit Card
557,465,林文雄,06 7617688,63190 蘆洲中正街9號之6,Apple Pay
558,466,陳志遠,0900021206,677 太保松山街7段755號2樓,Credit Card
559,467,洪素珠,0953-689496,95851 臺中博愛街69號9樓,Credit Card
560,467,張志遠,095 85310652,79665 金門自強路85號之9,Line Pay
561,468,陳素貞,066 72216950,34407 永和長春路46號2樓,Cash on Delivery
562,469,邱秀珍,0983-800562,909 屏東林森巷24號之6,Apple Pay
563,470,廖美麗,07-6516722,52986 新營縣大橋頭巷42號之9,Cash on Delivery
564,471,趙怡婷,024 88336689,374 卑南縣育英街438號7樓,Line Pay
565,472,許文華,08-50377219,39299 竹北南街4號之7,Cash on Delivery
566,473,易麗珠,04-2292109,88552 新營縣大智路41號0樓,Credit Card
567,474,盧雅慧,0983113123,703 澎湖平和巷416號5樓,Credit Card
568,474,蔡麗美,03 5990513,47000 台南縣新生路210號之3,Cash on Delivery
569,475,尤美慧,(02) 38435857,290 員林縣長安路6號7樓,Apple Pay
570,475,曾正雄,04-1669798,61395 新營縣自由巷89號之3,Credit Card
571,476,汪淑娟,0917226127,99927 楊梅自強路1號之8,Apple Pay
572,477,莊怡君,03-36458609,609 臺東迴龍巷1號9樓,Line Pay
573,477,高文忠,0913-012404,235 台東市新興街5段9號0樓,Cash on Delivery
574,478,蔡淑芬,02-62181483,73085 北斗大安街817號6樓,Line Pay
575,479,張碧雲,09-9300795,755 汐止市大智街9段349號6樓,Credit Card
576,479,朱靜怡,(08) 46640041,51249 新北仁愛路7段87號之9,Cash on Delivery
577,480,林冠廷,016 39318638,513 南投市博愛街6號2樓,Apple Pay
578,480,洪麗華,0973-568006,22973 新竹縣新生路9號6樓,Cash on Delivery
579,481,陳素琴,08-71590075,171 楊梅新北投路58號0樓,Credit Card
580,482,張冠霖,01 6061769,839 高雄頂福州巷8號之1,Apple Pay
581,483,蘇淑芬,03-51933639,412 板橋縣北投街88號之4,Line Pay
582,484,蘇子豪,0928-920848,57737 台東縣福安街974號之5,Line Pay
583,485,許雨霏,0935-466374,426 平鎮淡水路4段939號之2,Line Pay
584,486,譚雅玲,080 62222665,233 新北古亭路727號之1,Cash on Delivery
585,487,黃品睿,038 77464489,804 臺東縣中正街2段33號3樓,Credit Card
586,488,陳素貞,04-2680638,96140 頭份市成功街3段816號7樓,Credit Card
587,489,胡信宏,0989-255075,49823 桃園文山路435號之6,Cash on Delivery
588,490,陳宥廷,0998727151,36867 金門新興路512號2樓,Cash on Delivery
589,490,江宇軒,01-63323399,198 馬公縣水源巷8號8樓,Apple Pay
590,491,戴信宏,0906082132,57581 澎湖博愛街8段15號9樓,Credit Card
591,491,蔡子睿,05-9865729,39257 台中新北投路8號之9,Line Pay
592,492,金俊宏,08 4033124,812 褒忠關渡巷14號之5,Credit Card
593,493,黃文華,06 5894821,897 臺東國凱八德路8號5樓,Apple Pay
594,493,謝志成,081 18888026,39809 桃園福安街83號0樓,Line Pay
595,494,賈承恩,03-15194187,72582 新竹府中巷8段954號之8,Credit Card
596,494,羅文雄,0998441006,331 彰化中正巷655號之2,Line Pay
597,495,顏家銘,07 5934176,992 花蓮南路35號之6,Line Pay
598,496,黄玉珍,08-96805436,167 竹北長安路5號之7,Line Pay
599,497,林秀玉,0939-708831,46494 豐原市自強路41號之1,Credit Card
600,497,王秀英,05 5882106,434 永康三民路72號之5,Apple Pay
601,498,黃秀琴,073 87597522,278 臺中市昆陽街39號之6,Apple Pay
602,498,李明宏,0920-373525,356 彰化自由街1號4樓,Apple Pay
603,499,黃子豪,09 5510601,372 嘉義市福安巷19號之3,Line Pay
604,500,吳俊賢,(00) 16702155,41579 蘆竹縣大坪巷96號之5,Apple Pay
605,501,謝美珠,(07) 40730574,641 北港市自立巷7段29號5樓,Line Pay
606,502,莊美惠,0901-875960,39459 牡丹自立街9號之6,Cash on Delivery
607,503,謝建中,00-51900645,50343 永和芝山街92號之5,Credit Card
608,504,程俊宏,0936610540,23957 雲林縣昆陽街377號2樓,Line Pay
609,504,尤秀霞,00-49362618,37314 牡丹東湖街7號3樓,Line Pay
610,505,曾秀鳳,08 4912901,552 金門土城巷5號之5,Apple Pay
611,505,何冠宇,0966423086,839 台中中正巷2段7號0樓,Line Pay
612,506,陳建宏,087 83077589,96573 彰化自強街703號8樓,Cash on Delivery
613,507,陳正雄,03 3954328,10418 阿里山松山街7號5樓,Line Pay
614,507,陳秀枝,04 3184618,85283 斗六莒光街2段9號之1,Credit Card
615,508,蔡家銘,023 23457233,160 鳳山頂福州街474號9樓,Line Pay
616,509,黃麗雲,01-35335825,38870 北斗市關渡巷947號之0,Line Pay
617,509,楊明德,0911-042018,91377 新北縣東興路96號之9,Line Pay
618,510,林志銘,0971421727,346 竹田縣福安巷63號之7,Cash on Delivery
619,511,張美玲,(06) 82384842,461 新營劍潭路6段934號之9,Cash on Delivery
620,512,林文彬,0990945826,61774 八德永安街8段6號之4,Apple Pay
621,513,彭碧珠,058 74105336,93481 草屯縣廣慈路1段3號之2,Line Pay
622,514,林明宏,078 13379896,21511 臺中紅樹林巷3號之4,Apple Pay
623,514,陳麗華,001 60171061,230 桃園市古亭巷5號之8,Line Pay
624,515,林柏霖,0959-724001,623 北斗縣紅樹林街11號之8,Credit Card
625,516,范正義,08-7239736,235 中壢三民路620號之7,Apple Pay
626,517,莊俊賢,(09) 34193426,113 樹林淡水巷61號9樓,Cash on Delivery
627,518,陳玉玲,0923-382570,310 永康長安路1號2樓,Cash on Delivery
628,518,張家豪,004 33907758,593 新營市中央街910號1樓,Credit Card
629,519,林冠宇,059 13325363,99442 員林大同巷90號之6,Credit Card
630,519,蔣淑惠,01-77150908,807 花蓮紅樹林街566號6樓,Apple Pay
631,520,楊俊傑,0976-659192,467 白沙市和街路9號3樓,Line Pay
632,521,徐秀枝,00-3789218,97705 太平縣林森路8號6樓,Line Pay
633,522,陳麗琴,0936-707217,22198 橫山中山路393號9樓,Cash on Delivery
634,523,呂淑華,0933-114299,85547 太保劍潭路67號4樓,Line Pay
635,524,湯美珠,0914-922291,73996 八德市大同街3段45號之6,Cash on Delivery
636,525,徐美惠,0965132143,525 三重東興街45號5樓,Line Pay
637,526,徐麗卿,0922-705904,156 北斗縣和街巷9段62號2樓,Cash on Delivery
638,527,傅玥彤,01-51202844,425 豐原劍南路8號之4,Cash on Delivery
639,528,許素蘭,00-16059415,39837 新竹德路1段4號之7,Credit Card
640,529,蔡志豪,039 84249419,51205 花蓮昆陽路8段617號之8,Line Pay
641,530,林志偉,0912126805,258 平鎮勝利路6號之6,Credit Card
642,531,許秀枝,09 9250021,23034 南投縣國凱八德巷523號之6,Apple Pay
643,532,彭俊傑,02-8330838,49884 關山大同路9段461號8樓,Credit Card
644,533,白淑敏,087 89199011,21196 褒忠林森路297號之5,Apple Pay
645,534,孫苡晴,05-83691127,142 永和縣永安路7號6樓,Line Pay
646,534,黃思妤,036 86004265,274 光復縣府中巷59號8樓,Credit Card
647,535,王秀珍,02 6480410,600 太平東湖巷2段2號之1,Apple Pay
648,536,王碧霞,0919-494644,88779 臺東新莊路1段2號之3,Cash on Delivery
649,537,郭美珍,0905-803180,265 樹林萬隆路5號1樓,Apple Pay
650,538,葉玉珍,(08) 45526858,17219 八德市古亭街8段84號之9,Line Pay
651,539,林怡婷,0909222465,86273 屏東學府路74號7樓,Credit Card
652,540,吳淑芳,06 8121037,268 台南市新莊街8號3樓,Cash on Delivery
653,541,陳雅婷,00-1448081,199 蘆竹市新北投街91號4樓,Apple Pay
654,542,林春美,(04) 23416618,138 橫山市自強路2段7號之7,Line Pay
655,543,許美蘭,09-1225054,104 台北博愛街61號0樓,Line Pay
656,544,施俊宏,06 8858902,944 楊梅縣景美街42號4樓,Cash on Delivery
657,545,李柏翰,01-9081423,443 汐止縣中華巷6號之6,Line Pay
658,546,張志明,095 15995649,83288 新營公園巷3段63號6樓,Credit Card
659,547,潘素珍,06 8619703,25366 金門建國路46號8樓,Line Pay
660,547,張美玲,0906-286359,46443 連江市東興街3號3樓,Credit Card
661,548,鍾義雄,03 1509320,74433 彰化天母路75號之7,Credit Card
662,549,葉俊廷,(09) 71580914,54459 中壢五福路15號0樓,Credit Card
663,550,王麗卿,0961295107,96926 金門大勇街7號之5,Line Pay
664,550,蘇志偉,04 4383468,21661 中和國凱八德路49號之6,Apple Pay
665,551,陳麗雪,03-8466647,452 板橋縣中華巷738號之9,Credit Card
666,552,簡冠廷,094 42462758,24863 桃園正義街30號1樓,Apple Pay
667,553,辜秀蘭,01-63062395,53205 古坑中興路9段20號9樓,Line Pay
668,554,張子宸,(05) 96454772,978 太保市芝山巷7段176號1樓,Apple Pay
669,554,劉哲維,07-4766170,88104 太保土城巷4段1號之0,Credit Card
670,555,劉冠宏,021 50833123,96555 平鎮德街7號之1,Cash on Delivery
671,556,鄧春美,0948-338817,529 桃園縣紅樹林路165號之7,Apple Pay
672,557,吳志宏,(00) 66733130,195 太平縣劍潭巷560號1樓,Credit Card
673,558,葉淑慧,0975618476,455 台中縣北投路9號2樓,Cash on Delivery
674,559,李國榮,09 9037205,84158 北竿天母街2段9號8樓,Credit Card
675,560,李志宏,0925-443341,991 永和市大勇路5號之7,Apple Pay
676,561,黃淑玲,0956734105,165 高雄和街街31號之0,Apple Pay
677,562,朱淑芬,0982-531456,39217 北竿大勇街2段35號之8,Apple Pay
678,563,薛欣怡,052 18079380,59191 阿里山縣北投路619號之8,Line Pay
679,564,黃俊豪,00-73119391,59937 八德市士林巷502號之2,Line Pay
680,564,黃俊明,025 29636790,736 嘉義忠義路406號3樓,Credit Card
681,565,黃碧霞,07-61597982,642 新北信義路2段44號之3,Apple Pay
682,566,葉文華,011 20681633,14760 北斗市國凱八德路2段79號之7,Credit Card
683,567,黃世昌,0996544671,60756 金門市育英街133號之8,Cash on Delivery
684,568,張義雄,04-17332936,390 宜蘭市民富巷1段54號6樓,Cash on Delivery
685,569,陳麗琴,08-9119762,466 永和劍潭巷5號2樓,Cash on Delivery
686,570,劉素琴,02 6727922,269 草屯市育英路4段82號之4,Apple Pay
687,571,林秀珠,0939026039,816 牡丹水源巷5段32號0樓,Line Pay
688,572,張志偉,0964057910,96071 台南縣北投路51號2樓,Credit Card
689,573,朱麗美,0952319337,168 草屯福安巷3號之3,Line Pay
690,574,張彥廷,00-38163991,893 關山市勝利街577號之9,Cash on Delivery
691,575,李宥辰,(09) 30340739,54893 澎湖古亭路9號之0,Apple Pay
692,576,楊哲瑋,0953463421,716 大里市新店路100號1樓,Credit Card
693,577,葉俊雄,06-51338309,974 永和水源路7號8樓,Line Pay
694,578,魏子睿,02 7523284,145 高雄市蘆洲路231號0樓,Cash on Delivery
695,579,唐秀玲,06 4602748,484 豐原縣光華街6段65號5樓,Credit Card
696,580,汪秀蘭,(07) 76653282,136 八德民族街36號之6,Cash on Delivery
697,581,張麗娟,0940294288,83153 古坑縣莒光路1號之3,Line Pay
698,581,曾秀珍,05 9676268,66486 草屯縣文山街3段7號之4,Cash on Delivery
699,582,邱文忠,07-4825267,59211 桃園縣和平街3段75號3樓,Cash on Delivery
700,583,翁麗玉,02 8517385,698 褒忠成功路5號之9,Credit Card
701,584,王冠宏,00 5046542,99967 永和市長春巷3段17號之1,Apple Pay
702,584,李麗雪,04 2066180,940 三重民有街5號之7,Line Pay
703,585,吳仁傑,09-8925679,827 高雄關渡路35號之9,Credit Card
704,586,廖建華,08 2689274,24191 板橋民有街55號3樓,Cash on Delivery
705,587,黄秀美,064 48001033,900 基隆昆陽巷20號之1,Line Pay
706,588,林秀蘭,0959434710,933 新竹德巷3段271號8樓,Line Pay
707,589,彭彥廷,0946-147802,489 太保市象山巷8段854號之1,Line Pay
708,590,吳靜怡,01-27545305,461 苗栗縣淡水巷1段275號之2,Apple Pay
709,590,江碧霞,07 8800152,930 屏東市公園街1號之3,Apple Pay
710,591,潘宗霖,06 8374679,11482 頭份育英街8段950號7樓,Cash on Delivery
711,592,蔡淑芬,04 3632312,36139 花蓮縣動物園巷7段178號8樓,Line Pay
712,593,鍾淑惠,(01) 75219560,930 台北市迴龍街2段5號之8,Apple Pay
713,594,潘文祥,02-8057167,50703 大里和平街2號之7,Apple Pay
714,595,涂柏諺,03 5910399,287 光復縣信義街4號4樓,Cash on Delivery
715,596,邱俊銘,06-63624470,46778 板橋縣北投巷2號之3,Credit Card
716,597,黃秀蘭,0930-349823,76013 臺中光復街56號之9,Credit Card
717,598,鐘秀霞,0921245665,54466 蘆竹縣象山巷760號0樓,Apple Pay
718,599,高秀鳳,0973824276,756 桃園龍山寺路23號之8,Apple Pay
719,600,張美雲,039 87969216,10692 阿里山縣延平路602號7樓,Apple Pay
720,601,楊俊良,01 2001207,60886 北斗永和路23號之6,Cash on Delivery
721,602,陳美蘭,(01) 81773417,60529 三重縣淡水路66號4樓,Cash on Delivery
722,603,張碧霞,05-36879197,991 竹北市成功巷1段67號0樓,Line Pay
723,603,徐俊佑,0981506309,826 台東府中街5號之6,Apple Pay
724,604,顏文龍,(02) 94312283,410 彰化市大橋頭街9段4號之1,Credit Card
725,605,劉家瑋,00-47369216,67250 中壢奇岩路231號9樓,Cash on Delivery
726,606,朱淑芬,00-44301014,801 鳳山建國街360號之7,Apple Pay
727,607,鄔俊賢,0989065344,71901 台中新店路3號2樓,Credit Card
728,608,劉文彬,0943786218,91826 金門市士林路61號6樓,Credit Card
729,609,趙素卿,(02) 71417807,46308 白沙福德巷3號之5,Line Pay
730,609,周文正,0985-609462,867 金門市文昌路969號5樓,Line Pay
731,610,裴碧雲,0915808678,25479 北港市正義巷82號之1,Line Pay
732,611,游淑慧,05-5800550,14818 光復民治巷6段62號2樓,Line Pay
733,611,黃婉婷,0973-467747,48377 南投縣博愛街60號之9,Apple Pay
734,612,郝凱翔,069 65109153,757 彰化中興巷3號0樓,Line Pay
735,613,陳淑娟,02 6871777,712 屏東頂福州巷8段16號2樓,Apple Pay
736,614,施玉英,(04) 65723271,867 八德縣復興街24號1樓,Credit Card
737,614,林麗雲,054 51764437,322 連江市雙連路5號之3,Cash on Delivery
738,615,吳俊廷,08-4113561,697 白沙縣中正巷599號0樓,Line Pay
739,616,李麗娟,0990655317,60302 三重縣南街310號之2,Credit Card
740,617,謝文賢,(02) 32371667,385 古坑市新生路8號9樓,Credit Card
741,618,洪麗娟,03-7273991,486 高雄市中山路976號4樓,Cash on Delivery
742,618,李寶珠,08-7857725,85390 中和市南巷875號之6,Cash on Delivery
743,619,傅明哲,043 49390478,648 新營萬隆街4段395號之0,Cash on Delivery
744,620,陳家榮,02-3161302,50728 頭份縣文山路28號之3,Cash on Delivery
745,621,陳麗珠,09-49591356,180 梅山忠義路4號7樓,Line Pay
746,622,張麗娟,03-9966342,47456 楊梅市中正路51號之7,Line Pay
747,623,洪佳玲,05-19856781,87109 朴子縣成功巷8段2號之3,Credit Card
748,624,李金蓮,(08) 83752988,70419 台中明德街459號之7,Line Pay
749,624,廖明德,(09) 38554717,403 桃園中興巷489號4樓,Credit Card
750,625,黃月娥,0922-169007,43833 屏東關渡街343號之4,Credit Card
751,625,胡秀鳳,0907-709694,44528 嘉義市平和街14號9樓,Apple Pay
752,626,黃子恩,00 5079513,701 員林市小碧潭巷54號8樓,Cash on Delivery
753,627,陳志雄,05-8301260,671 連江民有路2號之3,Credit Card
754,628,吳柏宇,00-6493484,38397 板橋市信義街253號之1,Cash on Delivery
755,629,洪文正,0924-262659,992 八德德路4段520號2樓,Line Pay
756,630,黃勝雄,00-33563479,793 新營永安巷1號之4,Apple Pay
757,631,陳建銘,(02) 55437899,63851 光復東興巷59號3樓,Line Pay
758,632,施春美,0992-896545,54948 褒忠縣自由路3段3號8樓,Cash on Delivery
759,632,彭志誠,08 4668119,58748 竹北市成功路4號6樓,Credit Card
760,633,陳宗翰,0960711311,182 太保市長安巷9段5號之9,Cash on Delivery
761,633,童寶珠,007 38112197,20066 太平縣動物園路920號5樓,Apple Pay
762,634,趙美玲,09 8501711,889 樹林小碧潭街332號之3,Cash on Delivery
763,635,呂素珠,0990087700,241 台東縣大仁街6號之1,Line Pay
764,636,黃美玉,09 7924259,76256 光復育英街1號之6,Cash on Delivery
765,637,林碧珠,(03) 18946752,103 台東市萬隆路73號之2,Cash on Delivery
766,638,阮志銘,(02) 62727631,124 中壢市三民路62號6樓,Line Pay
767,639,林子睿,02-3626189,73744 蘆竹市關渡路5號之6,Cash on Delivery
768,640,王仁傑,060 94541248,80958 宜蘭縣永和街5段6號8樓,Apple Pay
769,641,蔡淑貞,034 87346664,29284 竹北太平街8段94號之9,Cash on Delivery
770,642,張建志,0988518345,62473 永和大同路66號之1,Apple Pay
771,643,林雅萍,02-1271777,19534 南投永和路1號3樓,Line Pay
772,644,陳雅玲,05 6004226,303 基隆縣三民路43號之5,Cash on Delivery
773,645,胡家榮,09-48579986,988 南投市新生路5段403號9樓,Credit Card
774,646,施品睿,06-8804699,80348 高雄新埔巷96號之5,Cash on Delivery
775,647,鍾素珍,0952-723202,713 花蓮市萬隆巷656號之0,Apple Pay
776,648,陳建成,06 3194351,56276 大里新生街397號0樓,Apple Pay
777,649,潘美惠,06 5987605,342 樹林縣自由路270號之1,Apple Pay
778,650,曾靜怡,0920-610715,30320 竹北土城巷528號3樓,Line Pay
779,651,洪玉梅,08 3031649,521 樹林市福安巷45號之7,Line Pay
780,652,蕭金龍,037 65554577,680 板橋紅樹林街71號4樓,Line Pay
781,653,呂淑貞,054 45964650,40173 連江縣和平街75號1樓,Apple Pay
782,654,侯素蘭,0953-277100,873 蘆竹縣學府街1號9樓,Cash on Delivery
783,655,吳寶珠,0962-043683,22421 桃園縣平和街91號之6,Apple Pay
784,656,劉淑華,03 9031452,534 新北縣忠孝巷828號之0,Line Pay
785,657,廖志誠,(03) 98162411,673 宜蘭土城巷375號之8,Apple Pay
786,658,吳美珠,0984-935123,75557 花蓮市大同巷86號2樓,Credit Card
787,659,蔡柏諺,07-5361493,78857 草屯民生街455號之7,Credit Card
788,659,劉建華,(02) 29868844,152 金門縣萬隆街180號之6,Credit Card
789,660,林淑卿,0951717657,81223 台北西門街124號6樓,Cash on Delivery
790,661,陳文彬,08-66701959,24239 蘆竹市民權巷1號之8,Line Pay
791,662,謝世明,01 4363755,72309 褒忠成功路893號之4,Apple Pay
792,663,吳雅婷,02 3362123,741 太保蘆洲街2號之0,Credit Card
793,664,戴怡君,0905726954,40288 八德大橋頭路15號2樓,Apple Pay
794,665,劉淑惠,03-37797647,419 草屯縣北投路372號之2,Apple Pay
795,666,王秀華,09 1986561,989 草屯博愛路9段779號之2,Line Pay
796,667,李玉美,0998367007,446 新營縣中正路3號2樓,Apple Pay
797,667,林俊明,05 7003706,31143 員林廣慈巷1段8號6樓,Cash on Delivery
798,668,吳冠宏,07 6778244,33700 蘆竹自由街214號9樓,Cash on Delivery
799,669,呂美鳳,02 6931680,86614 桃園市復興街614號之7,Credit Card
800,669,郭志明,07 4674953,932 新竹土城街4號之5,Line Pay
801,670,陳美珠,0920-230866,91421 阿里山土城路9號9樓,Line Pay
802,671,賴麗雪,05 2202763,40379 卑南市迴龍巷16號9樓,Apple Pay
803,672,趙冠霖,0908817959,61465 樹林南巷7號之9,Cash on Delivery
804,673,蔡家瑋,0935826739,98155 苗栗縣象山路739號4樓,Cash on Delivery
805,674,唐家銘,07 7828855,69755 板橋市新埔街279號之0,Line Pay
806,674,蔡玉美,04-71295857,318 太保市小碧潭巷542號4樓,Apple Pay
807,675,蔡進發,03 6043337,552 平鎮縣淡水路4段78號3樓,Cash on Delivery
808,676,陳宥辰,00 7389973,867 橫山縣中山巷63號9樓,Apple Pay
809,677,林志成,(01) 74853192,439 蘆洲縣勝利街2段152號之4,Line Pay
810,678,謝美惠,(07) 56072309,883 中和縣中山巷663號之6,Cash on Delivery
811,678,張凱翔,08-7017529,71259 馬公小碧潭路5號之7,Line Pay
812,679,楊宥辰,052 51480403,81916 連江南路1號之3,Line Pay
813,680,郭志強,(01) 96010472,39431 南投縣中興巷66號之4,Cash on Delivery
814,681,王麗娟,01 9534713,69211 台中縣萬隆巷3號之1,Cash on Delivery
815,682,葉文賢,(05) 27215384,20430 朴子縣太平巷2段10號之7,Line Pay
816,683,温志偉,0953909743,18659 屏東市大橋頭街82號9樓,Apple Pay
817,684,沈文賢,02-28102864,170 白沙市民治巷20號0樓,Credit Card
818,685,黃冠霖,0986475594,733 草屯市新莊巷3段254號9樓,Line Pay
819,686,賴凱翔,033 55517434,476 台北市士林巷4號9樓,Credit Card
820,687,廖詩涵,06 5311646,863 桃園市大勇路942號7樓,Cash on Delivery
821,688,江柏諺,(00) 57995197,528 楊梅縣土城街9段23號之0,Credit Card
822,689,張文祥,0983562427,857 板橋長安街21號3樓,Cash on Delivery
823,690,陳品妤,01-4143175,507 平鎮市東興路6號之5,Cash on Delivery
824,691,陳文祥,07-44212167,348 牡丹市四維路6號0樓,Credit Card
825,692,賴俊佑,09-2184528,428 南投縣松山路8段3號之0,Apple Pay
826,693,韓碧珠,0999350657,12486 白沙縣北投巷4號之0,Line Pay
827,694,廖語彤,0929163512,432 豐原新生街4號4樓,Cash on Delivery
828,695,官承翰,0935-810383,89204 新竹中正巷3段63號0樓,Line Pay
829,696,劉子豪,09-5758007,25232 花蓮縣民族巷8號之5,Line Pay
830,697,楊永昌,05-8615357,95918 臺東勝利巷353號之0,Credit Card
831,698,謝淑華,037 50709201,176 楊梅市淡水巷552號8樓,Cash on Delivery
832,699,施美玲,0935831978,51488 草屯大同巷20號8樓,Apple Pay
833,699,劉淑敏,08-78325596,719 臺中劍南街327號之2,Line Pay
834,700,張宇翔,(04) 15144432,980 楊梅市長安街3號2樓,Cash on Delivery
835,701,蔡麗玉,00 3825331,35421 牡丹市莒光巷95號之2,Apple Pay
836,702,崔麗珍,021 58096122,49824 卑南永安巷3段14號4樓,Cash on Delivery
837,703,李淑華,0961-958313,78708 台東縣象山街8段9號之3,Line Pay
838,703,許淑貞,05 6826230,771 阿里山市新生街2號之2,Line Pay
839,704,梁志誠,06 6368263,866 新營民有路8號之0,Credit Card
840,704,黃美麗,08 1983635,60289 頭份延平路94號2樓,Cash on Delivery
841,705,蘇秀英,01 8464966,771 台南縣景美巷153號0樓,Credit Card
842,706,陳麗玉,(00) 57163871,327 八德中興巷23號之9,Apple Pay
843,707,蔡正義,028 31806516,50614 嘉義市新生路30號之2,Line Pay
844,708,黃冠宇,01 4668789,142 橫山市小碧潭巷153號之8,Credit Card
845,709,張志強,09 8769586,250 太平市國凱八德街89號6樓,Apple Pay
846,709,張宗憲,0971984381,782 馬公市福德路53號8樓,Cash on Delivery
847,710,李明德,01 6192222,353 彰化新生街755號6樓,Cash on Delivery
848,711,陳禹彤,01-1329413,18327 桃園天母路2號之8,Line Pay
849,712,林素貞,00-28860412,11477 平鎮縣光復街3號9樓,Cash on Delivery
850,713,詹秋月,05-31312916,862 大里市新北投巷607號之0,Line Pay
851,714,陳文彬,052 90195652,552 牡丹市平和街81號6樓,Apple Pay
852,715,何美玉,02-2033408,22761 南投市土城街3號之7,Cash on Delivery
853,716,莊志強,04-3245216,744 澎湖市劍潭路1段20號之3,Apple Pay
854,716,蔡嘉宏,0923-587354,59815 平鎮莒光街39號之3,Cash on Delivery
855,717,林建興,078 66307614,291 八德市紅樹林街162號之3,Cash on Delivery
856,718,彭家瑋,0914846591,246 馬公大智路169號3樓,Apple Pay
857,718,鄭麗華,06-8157894,11109 中和淡水街691號之3,Apple Pay
858,719,朱麗雲,090 52363212,24118 台東市劍潭街19號之5,Apple Pay
859,720,彭怡婷,03-18542459,28452 古坑市學府街4段94號6樓,Credit Card
860,721,鄭柏翰,0957078698,817 北港縣和街街611號7樓,Apple Pay
861,722,呂碧霞,01 8716314,33018 新竹中華路33號之4,Line Pay
862,722,李志文,(01) 84277801,68031 彰化古亭路7號4樓,Line Pay
863,723,周秀華,07 7495617,99533 台北仁愛街9段361號之2,Credit Card
864,724,許文賢,067 43008807,327 連江縣民生街88號之4,Apple Pay
865,725,孫文雄,0981155075,53622 桃園士林街99號6樓,Apple Pay
866,725,陳家豪,09-89973075,18881 桃園天母巷74號之8,Cash on Delivery
867,726,廖玉蘭,044 96495576,58327 新竹興巷380號之6,Credit Card
868,727,周凱翔,0973-994920,34384 臺中象山街411號8樓,Cash on Delivery
869,728,鄭淑芬,09-4031473,465 蘆竹市東湖路6段82號4樓,Credit Card
870,729,王俊賢,06 3667671,47901 新竹縣文山街6段752號之2,Credit Card
871,730,林淑美,03-1756008,739 古坑市劍潭路78號之8,Apple Pay
872,730,陳鈺婷,(01) 35574711,55537 古坑福安路76號之1,Credit Card
873,731,徐志忠,002 57831253,119 橫山縣延平巷3段6號0樓,Apple Pay
874,732,吳家豪,02 3497779,896 板橋縣永安巷2號0樓,Apple Pay
875,733,薛柏宏,03-55700523,403 豐原光明路6號2樓,Line Pay
876,734,林承恩,027 38945496,64398 苗栗市劍南巷7段401號之8,Cash on Delivery
877,735,曾素貞,048 58578741,874 高雄中正街651號之5,Credit Card
878,736,李美英,(02) 51020025,48686 竹北中華路270號1樓,Credit Card
879,737,吳雅慧,07-7644939,68765 卑南市福安街9段29號3樓,Line Pay
880,737,蔡子翔,(06) 91368616,22331 屏東市大智路9段24號之0,Apple Pay
881,738,歐陽志偉,08 8592584,884 北斗縣松山路8段374號之6,Cash on Delivery
882,739,彭志誠,0919077478,593 草屯市國凱八德巷6號之1,Credit Card
883,740,李志忠,0984-146100,148 蘆洲國凱八德街4號之9,Cash on Delivery
884,741,饒麗娟,0993748698,969 卑南文山巷77號之7,Cash on Delivery
885,742,林明德,09-1453373,174 屏東東湖巷3段6號之5,Cash on Delivery
886,742,蔡建良,05 1982324,10729 三重頂福州路38號8樓,Apple Pay
887,743,洪俊廷,(00) 31367766,936 北竿縣新生路859號之8,Apple Pay
888,744,鍾美雲,0913-782927,76457 鳳山淡水街48號3樓,Credit Card
889,745,郭玉梅,06-18455159,64883 新北古亭街93號之9,Line Pay
890,745,陳素蘭,06 2573356,194 中壢市自立街8號9樓,Credit Card
891,746,王美華,(00) 56823744,304 金門中山路3段98號之5,Cash on Delivery
892,747,洪玉美,0968-235282,70045 新竹林森街97號2樓,Line Pay
893,747,胡郁婷,010 39004870,441 斗六興街503號7樓,Line Pay
894,748,賴建良,05-5569595,89688 台中市民富路8號之5,Apple Pay
895,748,林國華,0973927165,846 中和新店巷6段891號之0,Apple Pay
896,749,鍾美玲,068 19068911,351 屏東昆陽路4號7樓,Line Pay
897,749,潘博文,04-68755652,582 鳳山縣萬隆街64號之6,Credit Card
898,750,戴柏睿,(06) 48022851,398 蘆竹光華巷25號7樓,Credit Card
899,751,吳志誠,08-69967508,67854 橫山新生巷1段24號之0,Cash on Delivery
900,752,程志鴻,09-52929791,44247 中壢市永和巷43號6樓,Cash on Delivery
901,753,胡正雄,087 16463391,600 大里淡水巷9段64號8樓,Apple Pay
902,753,陳麗雲,07 8641146,74380 褒忠市文化街42號7樓,Credit Card
903,754,蘇冠霖,085 58975870,15970 蘆竹自由巷5號之2,Line Pay
904,755,蔡玉蘭,(00) 11707372,75676 朴子縣民權街660號7樓,Line Pay
905,756,鄭淑美,0925580139,443 八德光明巷406號之7,Apple Pay
906,757,謝俊雄,0926-761307,34848 梅山正義街960號9樓,Cash on Delivery
907,758,許博文,046 64848162,38356 卑南市中華巷457號之2,Apple Pay
908,759,王美慧,08-1858210,636 斗六市新生路627號2樓,Apple Pay
909,759,王麗華,(06) 90199709,29487 臺中復興街96號之7,Apple Pay
910,760,劉建宏,0933417040,477 太平市松山路10號之4,Apple Pay
911,761,黃志豪,0924647271,18107 永康民生街62號之5,Apple Pay
912,762,陳俊銘,0962367626,814 雲林市新莊街22號2樓,Line Pay
913,763,洪明珠,06 3301198,710 豐原新埔巷24號之3,Cash on Delivery
914,764,廖建中,0993232434,255 竹北新店街23號2樓,Line Pay
915,765,黃家銘,05 7851102,751 蘆洲縣仁愛街2號之6,Apple Pay
916,766,謝淑娟,0973045798,316 中和縣大坪路7段815號5樓,Line Pay
917,767,李冠宏,0932428713,67382 北斗大同街7段432號之2,Line Pay
918,768,詹文龍,08-5938421,601 關山市林森巷8號之8,Line Pay
919,769,鐘美玲,(03) 47445608,924 汐止縣石牌街6段40號之1,Line Pay
920,769,許宥辰,01-3169939,457 台南縣和街街867號0樓,Credit Card
921,770,黃柏翰,04 7488446,38942 北斗市水源街7號2樓,Line Pay
922,771,林宗翰,0955298116,51166 北斗縣民生路51號3樓,Apple Pay
923,772,鄭柏霖,(08) 11685568,887 臺東縣永和街6段140號之0,Apple Pay
924,773,林俊賢,09 6570824,92616 汐止市廣慈巷120號2樓,Line Pay
925,774,蔡秋香,(07) 59964345,410 楊梅民享巷90號5樓,Apple Pay
926,775,蕭雅雯,0967-510245,67161 連江昆陽路940號之1,Cash on Delivery
927,776,林雅婷,07-2752183,634 中和芝山街396號4樓,Credit Card
928,777,莊明輝,0940-944267,163 橫山新店巷2號之6,Credit Card
929,778,林素蘭,0954414409,15463 北竿華興街96號3樓,Apple Pay
930,779,徐俊傑,029 91229624,27163 北港淡水路9號6樓,Credit Card
931,779,林志豪,065 10063760,738 斗六龍山寺巷3段7號8樓,Credit Card
932,780,陳金龍,0904-756175,917 北斗市自立街7號之0,Cash on Delivery
933,780,李建華,03 8952496,15006 中壢正義街469號之2,Cash on Delivery
934,781,蘇威廷,(09) 99711582,60585 樹林四維路311號9樓,Apple Pay
935,782,張勝雄,04-1632942,21037 白沙市中興路6號5樓,Apple Pay
936,783,葉子翔,04 8662315,854 馬公縣小碧潭路4號2樓,Line Pay
937,784,侯志忠,0907-336763,60872 汐止育英巷23號4樓,Credit Card
938,785,柯淑華,01-3335033,522 斗六民有路50號之6,Cash on Delivery
939,785,李進財,(01) 72718243,23783 北斗頂福州街95號之9,Line Pay
940,786,翁淑玲,0927-613133,41415 蘆竹市中和路316號0樓,Apple Pay
941,787,王月娥,0922961633,765 鳳山縣五福路333號8樓,Line Pay
942,788,王素珍,009 96534062,803 嘉義土城巷3號之9,Cash on Delivery
943,789,施承翰,03-29148641,57178 臺中忠孝巷9段38號之4,Line Pay
944,790,黃文華,071 71047593,84271 北斗縣博愛路3號之8,Line Pay
945,790,徐俊廷,024 35393861,54918 中壢市中山巷461號之9,Cash on Delivery
946,791,葛柏宇,00 1479372,717 褒忠市文化路2號之4,Cash on Delivery
947,792,余欣妤,09-1680154,175 台中大橋頭巷9段93號之1,Apple Pay
948,793,林淑娟,0900-476439,717 新竹縣正義路3段968號之7,Cash on Delivery
949,794,孫秀玲,0992616162,999 新北東興路4號1樓,Cash on Delivery
950,794,彭文雄,09 3526831,643 汐止中興巷729號1樓,Cash on Delivery
951,795,張玥彤,01 1706692,150 太平市動物園路9號之8,Cash on Delivery
952,795,劉淑芬,04-8441659,10959 太保動物園路6段39號之2,Apple Pay
953,796,彭嘉宏,08-86585176,90098 頭份市東湖巷508號2樓,Cash on Delivery
954,797,何碧雲,0957-312197,267 新北博愛巷548號之0,Apple Pay
955,798,楊美慧,06-48177086,454 板橋市民有街35號6樓,Line Pay
956,799,黃淑芬,028 10555161,70050 苗栗華興巷76號之8,Credit Card
957,800,范志豪,0918497649,29508 宜蘭縣淡水巷581號之9,Line Pay
958,801,李秋月,08-5573668,72849 花蓮光華巷4段185號9樓,Cash on Delivery
959,802,周正義,053 67350656,174 台東中華街478號1樓,Credit Card
960,802,蘇子豪,066 51452537,989 桃園建國街49號之1,Apple Pay
961,803,王麗美,(03) 81539748,226 苗栗大橋頭街77號3樓,Credit Card
962,804,李月英,(00) 42896221,368 中和市林森巷393號之4,Line Pay
963,805,鄒俊賢,07-54662355,181 頭份雙連街6號9樓,Cash on Delivery
964,806,林秀英,(06) 39875270,53267 光復縣北投巷75號5樓,Apple Pay
965,807,陳冠宇,0911206803,49299 員林市雙連街5號之3,Credit Card
966,808,楊志文,04-67696236,467 朴子市博愛巷25號之7,Apple Pay
967,808,吳俊男,(07) 49503891,665 新營大橋頭路9號之4,Apple Pay
968,809,江志豪,09-59573688,471 牡丹縣育英巷8段710號之8,Apple Pay
969,809,李家榮,0930273259,85040 基隆縣萬隆街483號之7,Apple Pay
970,810,林明哲,(03) 67174767,59238 中壢光明街7號6樓,Cash on Delivery
971,811,劉俊明,0976157400,86247 臺中福德巷916號之0,Apple Pay
972,812,周淑娟,03-1345114,951 新竹劍南街2段3號之3,Cash on Delivery
973,813,徐進發,(00) 94488339,55351 朴子縣中正巷32號之0,Credit Card
974,814,陳素蘭,027 13996452,98592 白沙中華街158號2樓,Line Pay
975,815,王建成,08 8763581,935 梅山縣迴龍街5段42號之7,Credit Card
976,816,鄭睿恩,(03) 61925163,17990 台北縣新生街9段74號之7,Credit Card
977,816,林建宏,0908054758,324 竹田市新生街293號之4,Cash on Delivery
978,817,江世昌,02-1171408,526 大里縣中山路7段119號6樓,Apple Pay
979,818,曾淑惠,(07) 10655304,606 頭份縣忠義巷80號3樓,Apple Pay
980,819,施美鳳,04-7008351,259 平鎮中和巷22號3樓,Cash on Delivery
981,820,簡信宏,0996-945490,853 臺中北投街94號7樓,Cash on Delivery
982,821,江秀枝,0950-728738,861 竹北縣天母巷913號之5,Apple Pay
983,822,張彥廷,(04) 37351277,76518 竹北東湖路8號之8,Apple Pay
984,823,張淑華,0911408845,81136 基隆縣自強巷697號之5,Credit Card
985,824,戴明哲,010 14413119,901 朴子市博愛巷470號7樓,Cash on Delivery
986,824,林家豪,08-32729538,88206 台南頂福州巷848號3樓,Apple Pay
987,825,陳淑娟,(02) 97544894,99106 新竹市象山巷954號之1,Apple Pay
988,826,林淑芳,0980-041338,58632 鳳山平和巷597號1樓,Cash on Delivery
989,826,蔡文賢,00-3238027,56318 台北市長安巷5段7號之7,Cash on Delivery
990,827,麥博文,00 7594722,89089 竹田市奇岩巷1段99號8樓,Cash on Delivery
991,828,卓佳蓉,0949896218,846 新營自由街254號之5,Credit Card
992,829,陳美玲,07-3327681,593 牡丹市土城巷971號2樓,Credit Card
993,830,林麗珠,0931450491,97211 斗六民生巷42號7樓,Line Pay
994,831,游建銘,(06) 79914213,636 屏東忠義巷133號6樓,Credit Card
995,832,董正雄,055 94696387,17713 朴子市東興巷22號之3,Apple Pay
996,833,林麗娟,05 5103733,387 澎湖市關渡路72號之6,Line Pay
997,834,邱宗翰,02 9192955,28685 阿里山縣光明街896號之9,Cash on Delivery
998,835,黃雅婷,0983-486991,677 太保關渡街9號9樓,Cash on Delivery
999,835,黃惠珍,0957511921,58590 新營莒光巷2號1樓,Credit Card
1000,836,張淑敏,0982-295881,799 彰化市新興街228號之5,Apple Pay
1001,837,陳俊傑,00-4772956,891 新竹福安街6號之7,Credit Card
1002,837,鄭秀枝,065 13474566,130 褒忠文化路4號0樓,Line Pay
1003,838,林博文,(07) 49754411,33602 屏東新生巷437號之9,Credit Card
1004,839,洪金龍,00-45296943,20535 蘆竹正義街96號9樓,Apple Pay
1005,839,何志宏,0950-086416,22644 鳳山和街路77號之1,Apple Pay
1006,840,曾麗香,05-90864353,62703 橫山五福街8段90號之1,Apple Pay
1007,841,葉俊傑,03-4657539,935 古坑市仁愛街9號之8,Line Pay
1008,842,廖欣妤,09 1363884,928 樹林公園巷220號之5,Credit Card
1009,843,蘇家豪,0928-526423,43580 員林市正義街11號之6,Credit Card
1010,844,胡建華,0955673413,825 桃園育英巷63號之3,Line Pay
1011,845,黃宇翔,055 45661370,728 新營市自由路769號4樓,Apple Pay
1012,846,劉志雄,06-4899001,202 苗栗奇岩巷3段26號之7,Apple Pay
1013,847,蘇俊賢,(07) 94021446,92178 宜蘭信義巷52號之5,Credit Card
1014,848,陳國華,0915089014,14477 梅山縣萬隆路87號之0,Apple Pay
1015,849,黃麗珠,01-9344107,317 白沙縣萬隆路30號1樓,Line Pay
1016,850,陳月娥,(07) 59415020,932 豐原縣古亭街765號之0,Cash on Delivery
1017,850,徐文章,0967-626274,396 南投縣東興路53號0樓,Line Pay
1018,851,楊志宏,02-2653969,787 阿里山縣水源路1段318號之9,Credit Card
1019,852,游文雄,02-93453553,168 台南市新店路40號0樓,Apple Pay
1020,853,施俊豪,(01) 77476766,22533 竹田文昌街390號9樓,Cash on Delivery
1021,854,蔣素卿,09-8813164,880 蘆竹縣民有路5號之3,Line Pay
1022,855,許美玉,045 91409274,642 褒忠市小碧潭街690號3樓,Cash on Delivery
1023,856,吳雅惠,087 90039153,70897 中壢市頂福州路1號之3,Apple Pay
1024,857,譚美蘭,(02) 48087429,42194 八德莒光巷885號之2,Cash on Delivery
1025,858,謝承翰,04 7344679,74276 金門自立路2號7樓,Cash on Delivery
1026,859,張靜宜,0985570991,502 白沙市自由路22號之3,Line Pay
1027,860,楊志文,05-7010430,908 三重市大同街2段240號之6,Line Pay
1028,861,謝志鴻,02 2195364,176 新北縣公園街477號4樓,Line Pay
1029,861,陳俊銘,010 99288683,473 澎湖縣林森街619號7樓,Cash on Delivery
1030,862,鍾素琴,06-2131994,15166 樹林劍潭巷913號之8,Credit Card
1031,863,吳義雄,(06) 77859220,15815 蘆洲市文昌街873號之9,Apple Pay
1032,863,蔡雅玲,0906-719429,95029 朴子中正街4段6號9樓,Cash on Delivery
1033,864,林秀蓮,0987310817,726 台東縣府中路1號5樓,Cash on Delivery
1034,865,姜義雄,(07) 19576375,706 桃園縣五福巷44號2樓,Credit Card
1035,866,李惠玲,0998498547,148 關山縣新店路609號5樓,Apple Pay
1036,867,鍾美華,06-8251071,57762 新營大勇路261號之9,Credit Card
1037,868,洪秀琴,0903727575,462 卑南民享街2號之3,Cash on Delivery
1038,869,莊玉美,00 9972950,15158 梅山縣華興路5段20號之2,Apple Pay
1039,870,張哲維,090 74069471,71300 樹林市太平巷54號之8,Credit Card
1040,871,廖明哲,03 1956183,75575 高雄古亭街5段110號之9,Line Pay
1041,872,王秀琴,0925-051889,44636 基隆縣新興街4段499號2樓,Line Pay
1042,873,莊淑娟,08 6732333,92753 金門南街4段28號之6,Line Pay
1043,874,謝建華,0944272833,51192 員林市國凱八德街5號0樓,Apple Pay
1044,875,林俊明,0972-756202,328 關山縣莒光街2號之7,Cash on Delivery
1045,875,賴麗玲,(00) 84503557,27419 員林博愛街5號之6,Line Pay
1046,876,趙秀玉,043 67286648,66409 高雄市福德街918號之8,Credit Card
1047,876,蔡淑華,0959696700,92477 永康市民有街6號3樓,Apple Pay
1048,877,林秀英,02 9325872,83059 新竹德街64號之3,Apple Pay
1049,878,魏志宏,072 92158146,44530 古坑勝利巷52號7樓,Credit Card
1050,879,范秀珍,05 4534620,34686 花蓮縣長安街64號之4,Cash on Delivery
1051,880,程國華,0966580058,71474 八德新生巷8段5號2樓,Cash on Delivery
1052,880,王怡婷,05-1629216,515 竹田士林路3段621號8樓,Apple Pay
1053,881,李淑芬,00-3768770,175 頭份建國巷8號之3,Apple Pay
1054,882,吳雅慧,0936-693455,12953 北斗縣文山街68號7樓,Line Pay
1055,883,阮秀琴,(01) 95557774,992 樹林縣關渡街9段182號之1,Credit Card
1056,884,江哲維,06 3714659,536 太保市新北投路583號之2,Cash on Delivery
1057,885,陳雅婷,0962021954,969 古坑華興路3號9樓,Apple Pay
1058,886,陳建成,08-97238213,724 三重大同街8號之4,Cash on Delivery
1059,886,邱素琴,06-5397139,53523 馬公劍南巷579號之0,Cash on Delivery
1060,887,戴美惠,04-6987601,536 花蓮林森街3號之2,Credit Card
1061,887,徐金蓮,0953-974259,78981 北竿新莊路3段19號之4,Credit Card
1062,888,王秀美,0979484892,275 桃園古亭巷426號8樓,Credit Card
1063,889,許冠霖,08-17905817,967 雲林民享巷99號6樓,Line Pay
1064,889,林鈺婷,07-22905834,54725 板橋市忠義巷51號之4,Line Pay
1065,890,黃素貞,05-45025832,97323 臺東太平路8段193號1樓,Line Pay
1066,891,陳淑美,08 8111234,941 彰化縣育英路5號之1,Credit Card
1067,892,王秀英,(05) 76989960,42208 北港永和街673號之4,Line Pay
1068,892,林美慧,0954122093,10876 永和大同巷280號之8,Apple Pay
1069,893,張家豪,02-3560550,42708 白沙中山巷42號4樓,Cash on Delivery
1070,894,柯嘉宏,05-75721830,814 永康太平街402號之6,Credit Card
1071,894,林文祥,06-58779468,491 頭份市大同巷1號3樓,Credit Card
1072,895,葉碧霞,05 2210971,67141 大里市土城街2號0樓,Apple Pay
1073,896,楊淑娟,00 3356895,68218 頭份市長春路4段449號之6,Apple Pay
1074,897,駱淑芬,01 8574995,99045 永和市新生路1號之3,Credit Card
1075,898,歐明宗,0957632756,80016 阿里山縣頂福州街7段85號之7,Credit Card
1076,898,樊淑玲,09-38185720,75135 白沙縣新埔巷25號5樓,Credit Card
1077,899,王文雄,(06) 95585230,77814 桃園縣淡水街31號1樓,Credit Card
1078,900,陳美麗,01 3946424,27540 八德五福街206號之9,Cash on Delivery
1079,901,王柏翰,0913-966876,127 苗栗縣關渡路1號之6,Apple Pay
1080,902,謝志成,06-67850718,982 牡丹小碧潭街3號1樓,Cash on Delivery
1081,903,陳凱翔,(05) 79178626,66669 苗栗縣延平巷13號1樓,Credit Card
1082,904,謝麗雲,0997738207,974 草屯市復興路484號0樓,Credit Card
1083,905,劉怡萱,032 10310386,40118 橫山學府路18號之1,Credit Card
1084,906,許素蘭,07-29496503,518 竹田市忠義路253號之6,Credit Card
1085,906,鍾文賢,(07) 63446711,67700 鳳山縣奇岩巷7段39號1樓,Apple Pay
1086,907,邱惠美,07-87892875,181 八德建國巷45號之9,Credit Card
1087,908,阮玥彤,0957-095849,47512 新北信義巷941號7樓,Line Pay
1088,909,詹進興,08-95160181,297 光復市東湖街328號4樓,Credit Card
1089,910,游淑美,010 45132206,69669 竹田復興巷2號之7,Line Pay
1090,911,蘇信宏,0934-813242,59922 中和縣五福巷1號之2,Apple Pay
1091,912,杜冠廷,05-81834927,557 汐止北投路7段2號4樓,Cash on Delivery
1092,913,楊明珠,0974-971116,51806 太平三民巷843號之7,Cash on Delivery
1093,914,陳宗霖,003 48655910,17980 馬公縣水源路6號之6,Credit Card
1094,915,吳家榮,(06) 86386058,52028 朴子縣芝山街1號1樓,Credit Card
1095,916,陳秀鳳,0905724346,58094 中和民權路608號之2,Line Pay
1096,917,陳詩涵,0901810460,21448 板橋華興巷8段3號之2,Cash on Delivery
1097,918,王秀玉,09-47942624,29378 新竹國凱八德街315號4樓,Apple Pay
1098,919,陳雅玲,04 7005197,69040 連江縣新興街4號7樓,Credit Card
1099,920,余淑娟,076 74498593,872 朴子市蘆洲巷69號之1,Apple Pay
1100,921,吳秀霞,02-2257056,196 汐止建國街675號之8,Apple Pay
1101,922,黃美玲,(07) 19246512,70822 古坑興街999號7樓,Apple Pay
1102,923,李志豪,07-8806946,690 大里市德路40號之8,Cash on Delivery
1103,924,潘國華,00-63482018,210 花蓮市龍山寺巷298號7樓,Credit Card
1104,925,李秀霞,09-20881079,381 中壢縣大橋頭街72號之2,Cash on Delivery
1105,926,林美珠,07-19178176,87753 臺東縣大仁巷3段394號之1,Credit Card
1106,926,賴志強,00-72993356,73001 新竹新埔路98號之2,Line Pay
1107,927,陳美珠,08-66025478,72185 南投縣文山路17號9樓,Credit Card
1108,928,洪麗玲,016 69768840,18276 桃園華興路3號之8,Credit Card
1109,928,謝宇翔,0977-792671,99764 北港市勝利街690號之4,Apple Pay
1110,929,陳淑敏,0998-518245,739 彰化縣民權路13號之4,Cash on Delivery
1111,930,梁文華,0971393563,602 北港市新店街2段74號5樓,Cash on Delivery
1112,931,劉義雄,06-4660953,15373 屏東縣中山街795號之0,Line Pay
1113,931,陳美珠,081 78111121,872 板橋市景美路4號6樓,Credit Card
1114,932,蘇玉琴,(01) 37518677,53942 朴子民生街5段3號0樓,Apple Pay
1115,933,梁彥廷,08-22668283,215 臺東縣文昌巷7號之9,Apple Pay
1116,934,賴冠廷,055 98674634,528 台中縣建國路73號5樓,Cash on Delivery
1117,934,沈美雲,09-66784018,90537 豐原縣太平街74號1樓,Apple Pay
1118,935,林志賢,00-7844111,406 北斗市文山巷447號5樓,Apple Pay
1119,935,邱靜怡,09-60512989,24772 頭份市大同巷9號之2,Cash on Delivery
1120,936,廖文章,08-8386297,32402 苗栗士林巷263號4樓,Line Pay
1121,937,陳志忠,00-53493238,955 宜蘭市自由路5段916號之9,Line Pay
1122,938,王文彬,07-67833854,46566 斗六市淡水巷4段44號1樓,Line Pay
1123,939,王榮華,05-69184822,563 頭份平和街9號之4,Credit Card
1124,940,謝建良,036 49995059,124 竹田縣德街19號0樓,Cash on Delivery
1125,941,呂冠宏,072 76667375,171 朴子五福巷8段6號之7,Line Pay
1126,942,王秀玉,0992-875259,52302 臺中東湖路238號2樓,Cash on Delivery
1127,943,鄭素珍,076 29281083,66633 新營關渡街4段7號0樓,Line Pay
1128,944,林子宸,(05) 74139486,100 褒忠劍潭巷556號8樓,Apple Pay
1129,945,陳志雄,05-40610077,59288 高雄忠孝路1段23號6樓,Credit Card
1130,946,陳俊傑,04 8741888,904 中和縣光復巷6號之3,Line Pay
1131,947,侯玉美,05-9972110,77414 橫山縣大勇路9號之2,Apple Pay
1132,948,莊美玉,013 49599777,152 古坑市勝利街1號之3,Credit Card
1133,949,黃志偉,03-94362595,71577 新竹福安路90號9樓,Line Pay
1134,950,蕭麗雲,(04) 70674420,928 牡丹文昌街4號之4,Line Pay
1135,951,林靜宜,03-8612724,456 竹田芝山路761號之9,Cash on Delivery
1136,952,陳玉英,(07) 44284180,307 臺東光明巷84號7樓,Credit Card
1137,953,高素卿,0921-721236,30148 平鎮市西門街4段57號之6,Cash on Delivery
1138,953,施怡君,03-3062161,732 關山廣慈街55號0樓,Credit Card
1139,954,詹宥辰,0911-252196,61124 苗栗信義街446號之4,Line Pay
1140,955,李志宏,0935-939910,843 新營天母街6段75號3樓,Cash on Delivery
1141,956,張志偉,09-6484949,614 白沙自立巷474號之4,Line Pay
1142,957,黃志雄,(01) 53196758,73321 鳳山昆陽巷9號之1,Line Pay
1143,957,徐俊銘,06 7501915,646 平鎮民生路4段763號之9,Credit Card
1144,958,范雅雯,06-68234914,287 北竿市奇岩路507號之9,Line Pay
1145,958,黃玥彤,0998070760,241 八德民生街4號7樓,Credit Card
1146,959,李素珠,07-79750307,941 板橋市大同路8號2樓,Credit Card
1147,960,李秀琴,07-4602850,434 新竹縣府中街32號4樓,Apple Pay
1148,960,李美鳳,(02) 10393190,52464 雲林縣石牌巷2段520號5樓,Apple Pay
1149,961,徐子宸,090 18129471,339 台北自由街7號9樓,Cash on Delivery
1150,962,盧玉英,085 89810018,26143 竹北石牌巷8號8樓,Credit Card
1151,963,陳柏諺,04-5216189,218 金門大坪路5段37號之6,Credit Card
1152,964,李家宏,013 30879532,316 永和勝利街45號7樓,Credit Card
1153,964,簡玉英,01-3607203,542 台南景美巷61號之6,Credit Card
1154,965,陳金蓮,02-29752441,686 白沙新生路7段8號之7,Apple Pay
1155,966,伍志遠,08-5787927,638 基隆石牌巷6號4樓,Line Pay
1156,967,葉麗雲,0937-367656,61834 花蓮縣中山路9號之6,Line Pay
1157,968,柳雅婷,09 2440905,248 新竹縣府中路4號之0,Credit Card
1158,969,胡淑芬,09-5691175,82603 中和縣五福巷24號之4,Apple Pay
1159,970,林國華,034 76210296,553 新營縣中華巷5號之0,Cash on Delivery
1160,971,林明宗,0967-080347,78146 平鎮文昌巷9號5樓,Credit Card
1161,972,姚世昌,054 25397895,705 雲林縣成功街7段27號0樓,Cash on Delivery
1162,973,趙宗翰,02-9988542,184 太平水源路8段461號之9,Credit Card
1163,973,吳仁傑,08 9704100,739 樹林縣文昌街4段74號5樓,Credit Card
1164,974,劉淑娟,07-99424048,43248 基隆頂福州街1號之3,Cash on Delivery
1165,975,鄧美玉,(09) 79320586,794 南投芝山街6號之2,Line Pay
1166,976,魏世昌,0993959961,49767 平鎮市新生路4段76號之0,Line Pay
1167,977,顏欣怡,08-54933941,64461 臺中縣大橋頭路2段7號0樓,Apple Pay
1168,977,何榮華,002 31709627,70711 朴子景美巷3號之4,Cash on Delivery
1169,978,官志強,(00) 37737417,410 屏東奇岩街990號0樓,Cash on Delivery
1170,979,陳俊宏,0999-049864,373 高雄市自由街17號2樓,Credit Card
1171,979,張俊宏,0913-039613,302 基隆大勇巷378號7樓,Credit Card
1172,980,廖文正,02-2325367,301 新北市土城路1段7號之5,Line Pay
1173,981,姜麗珍,05-1211122,66346 蘆竹文昌巷6號6樓,Line Pay
1174,982,許進發,(05) 73880964,320 三重市新生巷3號之6,Credit Card
1175,983,李淑玲,042 34208666,797 太保縣和平巷920號之6,Cash on Delivery
1176,984,陳月英,0951-442156,465 牡丹太平路1號5樓,Credit Card
1177,984,張柏諺,02-96813090,71970 基隆縣動物園路58號之1,Cash on Delivery
1178,985,曾子豪,0976545914,741 竹田市中山路16號3樓,Line Pay
1179,986,鄭美雲,0932349567,88924 台中市勝利街76號1樓,Credit Card
1180,987,黃惠珍,07 6570361,57951 金門市新生路6號0樓,Apple Pay
1181,988,李明哲,04 1975004,65563 平鎮文山巷15號之4,Credit Card
1182,989,康家豪,0918-704261,39194 中和公園街7段1號之2,Credit Card
1183,990,張文華,06 2808232,85055 新營市學府巷57號之2,Apple Pay
1184,991,黃榮華,0915-849430,598 北港自由街93號2樓,Credit Card
1185,991,許麗琴,07 3918733,458 板橋縣成功路70號之1,Credit Card
1186,992,林佳玲,07 3788794,362 台東縣和街街7號之7,Line Pay
1187,993,鄭玉梅,022 39517192,64741 高雄新生巷4段629號之0,Line Pay
1188,994,潘淑惠,0905-600068,98967 三重市民富巷43號2樓,Credit Card
1189,995,曾宥蓁,036 12356761,54872 台南信義街6段952號4樓,Credit Card
1190,996,洪宗翰,0936-838546,673 太平新生街82號3樓,Apple Pay
1191,997,劉世明,06 3093725,684 草屯中央路992號2樓,Credit Card
1192,998,何佩珊,04-3833268,390 中壢縣士林街573號之7,Line Pay
1193,998,張家銘,065 25023901,91463 太保市永安巷4號之8,Apple Pay
1194,999,楊文華,02-65645853,12086 卑南市文昌街6段6號1樓,Apple Pay
1195,1000,楊秀美,09-4867895,73645 宜蘭昆陽路40號之2,Apple Pay
