CustomerID,Email,Password,Name,Phone
1,yaocheng-hsiung@example.net,!9nPovdqMS,劉武雄,05 4489897
2,uchen@example.com,d#78CXz3Zq,陳宥辰,(05) 30781438
3,li-hua28@example.com,%wmVe3bv%9,葉玉蘭,0943-563355
4,kpan@example.org,@3YlNY#haU,林文龍,07-8154611
5,li-hsiangliao@example.com,R%492ZXe%7,蔡俊雄,083 85516563
6,dlin@example.org,^byTAEfv2f,沈冠宏,08 8860032
7,chenshu-hua@example.com,_0N9Hn@3#O,張秀英,07-4401612
8,chenya-ting@example.net,GjX_x1LdgY,朱俊佑,0937035792
9,ya-wen65@example.org,i#nc7CyT12,高秀梅,02-28648040
10,shu-linglin@example.com,eT9IVqmt*&,謝宗憲,03-31694508
11,shu-meilin@example.org,g0NueGKq$E,陳彥廷,012 18364547
12,tsenghsiu-hsia@example.net,@(9O3JEdMm,羅秀珍,08-1006156
13,chenya-ling@example.net,#4F6mnbF_j,王碧珠,0982690434
14,xtseng@example.org,*bRKKxqhf0,陳麗美,(03) 21500335
15,taishu-fen@example.org,YY4QmJirj),池文彬,0924-301626
16,hsiu-chinkuo@example.org,#U5gEYjM6$,林素貞,(05) 71377838
17,sunhsin-i@example.net,L+O9kR2$pz,林美麗,0928-517075
18,tsaichun-liang@example.com,^+)FA7Ab+z,姜宗翰,099 82307381
19,shu-ching05@example.net,+qSEGpS*_4,洪嘉宏,0973-332430
20,chenli-ling@example.net,l+14B)qleC,吳志偉,(05) 75648356
21,chenmei-feng@example.com,G%W6L@qoya,蔡政宏,010 45457770
22,tsaimei-ling@example.org,L+u!9F2oIZ,李宇翔,06 4233266
23,yueh-o07@example.com,OdHL^VnR^4,李金龍,0904-110485
24,wen-lungliao@example.org,%z6S8gkZB0,黃玉鳳,0966-749425
25,li-huachen@example.net,QR3PedWe0#,蔡建成,0992-314993
26,kuan-yutsai@example.org,#&L3PXxtd),涂世明,00 9346421
27,chia-hao67@example.org,g#5QvzyCw*,陳美玉,01-51929421
28,linya-ling@example.com,^9H__Hr#%&,黃俊賢,(05) 32066877
29,shih-hanlin@example.org,dn7ocY8Zb%,劉明德,035 82729679
30,tsengi-hsiung@example.org,F+ZVPb_k(7,丁俊宏,06-2203209
31,yu-mei44@example.com,^K4qTbOAB+,林進發,061 35485720
32,tsaili-hua@example.net,ml7EtFHp#*,蔡美英,(04) 95268047
33,li-huayeh@example.com,Tc*)7BSc9&,鄭美華,0938-056450
34,ya-ping63@example.org,x$x8WQFpm0,楊建成,06 9936352
35,hsiu-chih12@example.net,+&WA^Qcsl4,李玉美,(09) 74267803
36,mei-yupeng@example.net,+bM^dKLqf0,陳承恩,06-76299268
37,li-mei28@example.org,_&rG9VN5h1,林國雄,0943-576323
38,ming-che49@example.net,4Y0_%XLe&r,張淑敏,0905-947792
39,kai-hsianglin@example.com,t2XxjfmN+A,陳宇翔,0993692240
40,i-chunlin@example.com,93S6^bTr*t,黃秀美,(03) 33374661
41,hsiu-feng89@example.org,2ewSyM+s#q,邱秀娟,(03) 58208640
42,li-hsuehlin@example.net,6zUX0tw6%f,蘇麗卿,09-15324318
43,hsumei-li@example.net,+5QH#rb2JH,羅金龍,(08) 40446093
44,ming-chuyeh@example.net,d6JwyIyk_N,饒志豪,01-71982915
45,yu-yingchen@example.net,V5YKzyqP(8,祝惠玲,08-2913332
46,yuansu-chen@example.com,))UuO&jzb5,温淑貞,09-69945833
47,i-chun75@example.com,%V5jZzefL&,許明珠,(00) 57973925
48,ming-te28@example.org,5f9UQ(%d$f,張詩涵,01-88068611
49,chenhsiu-chin@example.com,@_5@3LxqlJ,劉美華,0957854702
50,hsiu-feng78@example.org,@Nfr%Cp&60,吳宥辰,0914825217
51,huangshu-mei@example.com,IFA(0sBn)t,邱政宏,08-3504484
52,chun-ting29@example.net,$2v4QXhc9E,吳麗香,(08) 45218523
53,cheng-hsiungcho@example.com,9BowO%Lp*5,梁麗珍,(06) 39339190
54,chun-hsiunglin@example.com,I96xWow6!S,黃志強,(02) 67188205
55,wen-hsiunghung@example.net,@3&*VVUtJQ,賴俊賢,09-2672299
56,wen-hsientsou@example.net,@9VMro3pe6,王寶珠,0932-202755
57,kkang@example.net,+RG3YMvj1h,莫明德,06 6624027
58,uhsieh@example.org,E0e9tEgqN$,吳建銘,01-6560804
59,olin@example.org,ITB@I4QpYs,吳金龍,0908-716973
60,mei-chen84@example.com,^51JnmmlnJ,楊威廷,04-5146467
61,xhsiao@example.org,_0S5Pg2ygC,林建成,03-1085081
62,hungchiu-hsiang@example.com,*AdFkQzCo8,何俊宏,(00) 46393968
63,li-chen81@example.org,GJ#g5Up6c!,楊淑惠,05 9931999
64,chenkuan-ting@example.com,8HzIQceF)9,石聰明,04 4824080
65,li-huachen@example.org,_8lERR2x8J,林碧珠,06 6080703
66,xweng@example.org,7Fq(7u5l&&,黃素珠,01-76481038
67,shu-hua29@example.net,&^6F9ONurj,陳志忠,027 40550172
68,kuan-yuyeh@example.org,(22l2L%s%g,鄭建銘,089 76396930
69,kaochia-jung@example.com,I)8QhVux8w,林俊賢,04 8341805
70,chin-hsing47@example.org,(4%qaG4f1V,李家豪,01 4076864
71,chenhsiu-yu@example.org,&9rV0kVkfQ,吳美鳳,0931428519
72,yueh-yingsu@example.org,^10pDxph!D,郭秀枝,01-50962892
73,linya-hui@example.org,_9s)VTdqBr,劉秀娟,00-85964422
74,chun-chieh35@example.net,RO7mU%nZ$z,黃秀鳳,(00) 71020430
75,yu-yingliao@example.net,zO4MLryp_8,林秀美,0952-017736
76,achen@example.net,$1Uf8Uf^+U,陳靜怡,0964-700687
77,rlin@example.com,#9S(rAPKwM,張金龍,(00) 30424995
78,tsaiyueh-o@example.com,Oq&7Qel7ck,吳文雄,02-1286428
79,chenshu-fen@example.net,%*1NnauxLY,蔡麗美,05-92086316
80,pi-hsiachen@example.com,!7UmyYad69,林淑美,0900728880
81,chun-tingtseng@example.org,xca%dWw*%7,李玉鳳,(06) 84028967
82,ming-chelin@example.org,J49pWXqz^%,楊彥廷,0966116351
83,chuangwen-hsien@example.org,$v1zYQ1n%_,李建宏,0937987308
84,li-linglin@example.com,Pet6$7ZgHZ,蔣雅筑,031 99624478
85,houya-ling@example.net,f3r(7bLvNb,潘淑芬,01 3724604
86,khsiao@example.org,P1h5RVnw@z,葛文雄,05-3457938
87,npan@example.net,Y$*3Pp70!n,林淑華,09-74779713
88,linshu-chuan@example.org,ukBp2A8p+8,周文章,02 8517860
89,hungmei-li@example.org,N(3lK9F8Su,廖素珍,05 8866917
90,yu-hsiangjao@example.org,@(02%@vhzX,柯淑華,065 56803889
91,hsuchien-hsing@example.com,9LNqiFwl*4,譚建成,08-9851441
92,mei-chen22@example.org,*bHayR9P6*,黃政宏,0991632470
93,yueh-otseng@example.org,d9C7!N1u*E,黃麗香,09-4828003
94,shsiao@example.com,Kx!Ev6Wu@6,方冠霖,099 29512577
95,chin-lung64@example.org,NAlwnUMn#9,秦文正,0950-460811
96,li-ling29@example.net,sx3VNZhg#C,高世昌,032 81469683
97,pengli-yu@example.net,_sncWvGq88,陳明宏,02-17660885
98,chiu-yueh84@example.net,t9+j3FxqAX,羅宇翔,0959-969220
99,xchen@example.com,7QTWyCRs#w,黃俊明,(09) 85717324
100,chien-cheng26@example.net,+(qUgyUhg8,陳美慧,04 9794279
101,mei-chu17@example.com,(H!thHopX0,吳雅慧,073 20868131
102,hsiu-ying62@example.net,!C2YoqD8hL,楊志豪,03-53889284
103,wen-hsiang24@example.net,%1mV9AZV4j,林雅玲,05 1441217
104,paichien-hung@example.org,@c0NpVBMZC,賴志強,(06) 46517520
105,i-chun98@example.net,@0G6JeH5b_,羅武雄,(07) 75240738
106,liaohsiu-chen@example.org,_hQ64V5x*A,關宗翰,0908654191
107,chih-cheng29@example.com,)(9lDnCzSa,張淑玲,04-14126755
108,mei-yingchen@example.net,&eGBBix5n0,劉素蘭,06-77762460
109,chenchien-cheng@example.org,5%8Wr%aeFV,李冠宇,0919-926796
110,chenchih-wei@example.org,)XJ9&V$rEz,陳欣怡,0985825614
111,shu-ling73@example.org,f(h6nJpbKi,陳文彬,0934-062389
112,chenkuo-hsiung@example.com,^g8t!GVp#*,陳文彬,02-37719164
113,echou@example.net,4aPCsJpN$l,黃柏翰,06-4012519
114,li-ching65@example.net,7^OY7Q0p%8,陳秀玲,052 25970247
115,shih-mingho@example.net,_)ApROrqP7,許宥辰,0966301565
116,chih-chung23@example.com,WM1FpDb2r*,卓鈺婷,09-21324010
117,cliao@example.org,0!ZQzP4Y*9,魏美麗,01 6111834
118,shih-hancho@example.com,S6!Y5Ggsgz,王宥蓁,0936-425162
119,chenchih-wei@example.net,^s4&RwnP)*,邱淑美,0936618288
120,xhu@example.org,_5TyoDGMgr,黃美玉,094 99056141
121,chenya-ping@example.org,0(T9Vy$GpU,張秀鳳,033 71333521
122,fchen@example.net,wuJd#ru0^2,汪淑芬,03 3903972
123,yueh-ying81@example.net,_cVMh2jg5y,張素卿,(09) 30212878
124,hungkai-hsiang@example.com,%GUJgb1%3z,林淑娟,01-98959270
125,wen-huahung@example.org,ajn5lRy1o#,張志銘,(00) 81069388
126,li-meilin@example.org,@l6NuCVt(K,簡永昌,03 1399491
127,mei-hua27@example.net,N#0AuQSK$r,林武雄,081 73056344
128,li-hsuehliao@example.net,KY37cYnn%l,黃麗卿,04 4435602
129,hsiaohui-mei@example.com,O%c(8PowrX,丁宗霖,04 9724482
130,plin@example.net,0EX8sYugV!,洪雅萍,09-89300952
131,ochen@example.org,(vxsXaNo42,潘麗琴,08-7946782
132,pi-chu42@example.com,V^k9rsVwlV,葉春美,(05) 14652772
133,pei-shanpai@example.net,!7%IIPyx67,張美惠,052 18122672
134,linshu-fang@example.org,^K2RJntq&7,林文彬,0916726121
135,pai-han45@example.net,pr4@ToZ06&,劉素貞,08 1226329
136,mei-hua68@example.net,m5X(1HWdBO,辜彥廷,03-2690615
137,gchen@example.com,U4UN0RsQ%$,聶芸菲,(01) 49969180
138,tsaishu-fen@example.org,cuH80qqV+4,袁俊賢,006 61072173
139,ming-chuchuang@example.net,&wF8X4jYDo,張雅惠,0983-925149
140,linchin-lung@example.org,%9hCkXIiZX,姜建良,028 64201925
141,lchen@example.net,&K@JSyeJ_8,黃文欽,082 79095272
142,i-chingchiang@example.org,86_N5TjZyK,林俊明,02-7745940
143,hsiu-yuchen@example.com,+6X+jtDrf3,黃欣怡,088 74837056
144,uchen@example.org,8)54i0ab$H,顧志偉,05-88206463
145,hsiu-yingchung@example.org,*3L%Cpgmrl,李美玉,(08) 60913450
146,hsiu-fengkuo@example.com,$E8VjmWu&&,邵靜宜,(09) 38894473
147,shu-chuanchou@example.net,+0YjOX*u2B,黃雅萍,04-88661884
148,hsiu-chenchou@example.org,_7UGdImPf8,盧志鴻,(04) 15240857
149,sunming-tsung@example.com,(Eb5QrGSIj,謝文章,00-35595559
150,chouchih-hao@example.net,wz!Zqk_P+8,黃志偉,0999-767538
151,lchen@example.net,5!Q5Puvv#A,宋柏翰,0960-642737
152,linhui-ling@example.com,#D7w8HwkJG,李美珍,0931670640
153,tchou@example.com,hgYCTFQO+3,葉子睿,0950776694
154,shu-chen09@example.net,W3g)HQtY&H,谷淑芬,(00) 46144864
155,chuanghsiu-mei@example.org,Y*46VHn%+b,游美玉,00-21109642
156,wen-hsiunglin@example.com,0b7T6)5y^*,張志賢,040 22874296
157,olin@example.com,&07OLlnDBF,王麗卿,(02) 50472959
158,pengi-chun@example.com,V%f1wEdJaV,鄭秀珍,014 43275794
159,linshu-hui@example.com,(4P_6exh5c,張麗華,(08) 54874349
160,pi-chusung@example.com,!DOA1oP4u5,林柏霖,06-35620253
161,li-chenhsieh@example.com,1k33ZLxBt#,洪怡婷,05-2741706
162,lchou@example.com,j1ZxZJu#(O,游麗琴,0969264227
163,ihung@example.com,7XJ87YbiI+,周惠珍,065 42638977
164,ya-chuchen@example.org,%NPo#5Ph@W,黃美娟,00-8881301
165,vchen@example.org,Mf6@0Ej8&G,呂碧霞,08-6009553
166,ochen@example.com,#4RwjI@h$R,劉志宏,0927936850
167,liaowen-cheng@example.net,uuB#zJNw&3,謝俊宏,09 5595717
168,kuoli-chu@example.org,^lMyZ3mKR1,施柏翰,0906945346
169,hsin-yuchen@example.org,T4*9ZbAr!J,許麗卿,0978-585631
170,li-yun23@example.org,!1GnxHntP),曾秀美,06 6689792
171,pei-shantai@example.net,^CgR*eKH9u,林嘉宏,0990977694
172,hlin@example.org,@n3KSPtol7,王淑美,(08) 16702578
173,ltseng@example.org,+6Gd0iw)IB,蕭家豪,07-17557841
174,htseng@example.net,$#_$47Za^a,詹宥蓁,076 76959346
175,cheng-i01@example.com,_3feD9kXu%,陳志忠,0987699642
176,tsengshu-hua@example.org,_zHu2iAeYt,黃宗翰,07 3396536
177,chia-weichen@example.org,+5QW1b6T0W,周宥辰,0972-325061
178,ochen@example.net,@0ANEz@w!S,王美惠,06-83918127
179,pchen@example.net,!5rPw&i&Lz,蘇俊佑,0980-598926
180,zchen@example.net,&$ZD^uY&m4,周文忠,03-60676740
181,linmei-li@example.net,M3ZDODiN*r,游秀梅,05 2418465
182,linmei-hua@example.org,d1FS(TtJ^Q,廖玉琴,02 1414168
183,tsaili-ling@example.net,$H$%8bAc%b,何美英,0995254223
184,ftseng@example.org,D1g8XPzP_N,謝柏霖,(08) 97010193
185,wtsou@example.com,41Z&9&Sn+5,盧美慧,028 46135015
186,pi-chutseng@example.com,Yw1O&9tgI!,陳文章,07 8828161
187,kengshu-chuan@example.com,btU#!5ViG3,王淑美,06-8651812
188,ya-ling02@example.net,i1PNzCjn*0,吳建銘,05-19914814
189,chih-hao32@example.org,C!9E$1@xK^,陳俊明,0904-802756
190,shu-mei78@example.net,+dxFSSxt(7,蔡建興,0977-889437
191,chih-chungchiang@example.org,_7uSHTft^r,李淑芳,0965-302221
192,liaopai-jui@example.org,&ldE)_GiT0,蔡進興,023 52532645
193,hsiehhsiu-chen@example.net,#e(GJ1ZhkV,張柏翰,040 72365627
194,hchin@example.net,%0R+#sBg1V,黃俊宏,04-9583179
195,i-chuntseng@example.org,rRC3Fk2H&9,王文雄,0975807219
196,shaomei-chu@example.net,ym8WI7ngk),蔡欣怡,04 2761449
197,hsiu-hsia07@example.net,_)2An&ih9o,楊志偉,04-2406144
198,chun-hsientsai@example.net,R#wJg4SlHB,徐志宏,063 99789567
199,che-wei56@example.org,u(0H)rK9my,張建宏,0909-640265
200,su-chu73@example.org,90S9^)Nl#v,張碧霞,002 37453946
201,li-hsiangkuo@example.com,R#Ww9DsHzS,賴宇軒,02-34308844
202,chun-yuhsiao@example.com,WQDudlww#0,林美玲,0908-744924
203,pengshu-fen@example.net,3!7Rg59N^_,卓美玲,04-2588112
204,chenya-hui@example.org,e#(#Y8Uk62,陳靜怡,09-4135562
205,bchen@example.net,c%4hx(IdrF,廖家瑋,03-51832714
206,taiwen-hsiung@example.org,_98HrX8s(z,李惠珍,02-35217251
207,kuomei-ling@example.net,8_ArSo8j$#,吳宗翰,00-53458276
208,hliang@example.org,#55HlMqEql,王正義,01 1291646
209,li-chuyao@example.org,(L2UTnlHS*,許佳玲,(02) 94693757
210,chiu-hsiang58@example.com,D&g5TX9cpt,胡文彬,0943-230899
211,kuan-tingtsai@example.org,suA72Qrg@7,鄭秀美,(05) 71032803
212,shu-huikan@example.com,$AqOqsbGV3,鄭俊男,08-5513658
213,ppeng@example.com,4)70PJKf7o,湯進財,(00) 96308090
214,po-wen61@example.org,R+Ac9GIfJz,楊宇翔,0932682051
215,mei-ying94@example.org,g45GG(_v^2,黃靜宜,0943-951154
216,vchen@example.net,6i9e_Zjm@D,張建銘,02 7704760
217,plin@example.org,%LBd(aBgn6,高惠美,07-4509528
218,shih-hanhung@example.com,^7l1tD_9ra,曹冠宏,01 6662435
219,shu-chenlin@example.org,Hy6FeIs&p!,黃佩珊,0962-293355
220,chenmei-feng@example.org,P(XD2Pyhf&,潘榮華,(09) 75145519
221,itsai@example.com,@35F)XZo#B,何麗華,02-2769165
222,taichih-wei@example.org,TK5*y0Iy^%,許美惠,(02) 89413711
223,li-chukuo@example.org,(5e5TpLXA5,張俊賢,(04) 74590363
224,linchih-hsien@example.org,$#O8&1td*T,劉秀蘭,04 5105216
225,pchen@example.org,SvrN1Rn2*#,林苡菲,0916373953
226,chien-hsingchen@example.com,w_o1Qi*_Do,蔡佳穎,07 7761513
227,mei-lingsu@example.net,5$)Jus5V)r,陳雨霏,038 74242888
228,chenpai-lin@example.net,@r*eXEKu*6,阮俊宏,09-6716381
229,tsu@example.org,&RSIJeJcj9,詹彥廷,09-3355712
230,wei-tingchen@example.org,o#3cGMu%Zs,許麗華,01 6846079
231,uhsu@example.net,iW8Lfzfm&W,劉志誠,06-2558340
232,kuan-lin94@example.net,!uj2VtVO8r,陳俊豪,0944736532
233,chenchih-wei@example.com,p+%8ZC1xX!,江秀梅,0901850530
234,mma@example.com,gjO0VQ9xF%,陳美雲,03 6372424
235,li-chu41@example.net,(8_aLs@$xD,莊文雄,05-75032407
236,otsai@example.com,0#A7LD_wMJ,鍾麗玉,0971371829
237,hsiu-chin46@example.org,r9mKT^+l+B,黃志忠,0913-744318
238,chuangshu-chuan@example.org,Y+GMvuII_8,盧武雄,(08) 30859377
239,mchuan@example.org,&q3NI8ke03,林淑慧,05-6154044
240,chenmei-chu@example.org,HF(@0Jom^(,賴惠珍,0906-768962
241,tsaihsiu-chu@example.net,oD%@63VszR,陳政宏,(06) 76630454
242,shu-chuanlin@example.com,(#9a0Fp)B(,林宇軒,07-2813938
243,mei-huachou@example.org,Ao7t(UvM*7,郭碧珠,0947-308311
244,tzu-hsiang87@example.net,Y4Q5_Apf#^,周美華,0909-609997
245,klin@example.org,__Vf6f)ee9,劉柏諺,0924064093
246,shu-min14@example.org,+Hg4vJYdO#,張月英,02-2441843
247,hunghsiu-yun@example.org,M4SGzisa(!,劉建成,07-7962324
248,ya-huichen@example.org,%6IyTcpS2L,陳冠宇,0957-543668
249,chenhsiu-chin@example.com,y&Qn7QWuI*,鄭玉梅,09-9576290
250,msu@example.org,bx3N4QVc_b,金玉梅,06 7392428
251,vpan@example.org,8QLJlcIP+q,凃麗珍,(05) 91845160
252,mei-lan88@example.org,$riVuo6u59,黃玉琴,0915263894
253,tsung-ming72@example.org,*eNjKn_n22,吳麗珠,045 94597785
254,pchou@example.net,zVM91&2v%$,賴雅婷,00-39178237
255,maoli-hsueh@example.net,(7B1U0iQ$C,蔡怡君,(05) 34627784
256,chia-ming06@example.com,e@rBOxOi@3,杜俊良,04-3366937
257,tsaichin-lung@example.org,S5oR_u9a&T,黃建良,0959-131343
258,mei-li59@example.net,GnSsx*#&^9,劉柏霖,00-9229287
259,jaokuo-jung@example.com,%3QIoKfG0l,林志明,0966-642942
260,chuangpi-yun@example.org,Xf27)Gr**X,洪淑貞,019 90794497
261,sheng-hsiung21@example.org,a$j5%MI8rg,侯俊傑,0943-414208
262,pi-chu70@example.org,Qr$4(Zm^QK,王麗珍,08-6886112
263,hui-meitsai@example.org,6hHky##J_O,張雅惠,03 5262615
264,linming-chu@example.net,!c2+HislcE,劉惠玲,097 58408938
265,hsiu-lien49@example.net,8hCn5vqg!U,裴美玲,03-32427826
266,chouya-ting@example.com,vf+s7Beg(!,潘淑玲,063 43343474
267,mei-chenhung@example.net,XvfTEQwb@3,黃雅婷,0992104864
268,chin-fengliao@example.org,$oqS#s()o3,林佳玲,(06) 90854714
269,chenhsiu-feng@example.net,(NOqOgmuj2,陳俊宏,05-1364092
270,chenwen-chieh@example.com,c1@CV9Exn2,王秀珠,057 22597486
271,li-ching90@example.net,Sg1%LGxV%1,姜美英,0909632301
272,chiu-yueh67@example.org,D6Kj6^Ahl!,洪惠珍,070 83603318
273,plin@example.net,H#_6Ks8@4*,李俊傑,01-3832313
274,mei-hua28@example.net,+VHAe3HgTA,洪惠珍,0981-548728
275,chenchun-hao@example.net,^t5HQmeyz0,王俊明,0983-320529
276,kanmei-ling@example.net,hWU2qYaRl#,楊志誠,042 22402736
277,li-ching62@example.org,#0ALJcPv@y,李明珠,01-8462375
278,fhu@example.com,^JCzvIlrQ0,陳嘉宏,07 2984201
279,wanshu-mei@example.net,)k)3Gzns3U,劉志豪,06-36051694
280,shu-hua33@example.com,b*2VRV2ero,蔡苡晴,01-7764372
281,chenchih-wei@example.com,d^R8QzG*s&,華淑敏,03 9469880
282,hui-meichan@example.org,p!1!2WQdF@,陳美玲,(01) 69389169
283,hsiu-chih77@example.net,!0JNnLz1o6,潘文正,02-38273449
284,cheng-hung52@example.com,H$r4o20b$P,何冠宇,09-5192330
285,otsai@example.net,g(M7&SLgN$,張宗霖,(04) 28019629
286,chia-hao65@example.com,#%@YCJIs@3,郭明德,062 41065226
287,mei-feng91@example.org,@32r!jXz%Q,李志文,055 29087570
288,pchen@example.com,R94GA6&sg@,謝志賢,081 68740262
289,kchen@example.net,HX*QX_ow)1,黃哲維,0916-176560
290,ztien@example.org,Y@sJ4NheHV,黃語彤,086 15114258
291,su-chenkuo@example.net,+qdNFBnt62,李宸睿,057 64474979
292,chia-ming96@example.net,h*2DyekeG+,張俊明,(09) 39464561
293,chiu-yueh74@example.com,@eig%8M7_2,廖勝雄,0930311065
294,chun-meihsu@example.org,m&6*VQn4!L,蕭子豪,0901176721
295,hsiehwen-chung@example.net,Q!5LjmoqC(,莊文正,02-63377851
296,shu-hui32@example.com,w5^YMRa*%#,陳淑芬,09-8366643
297,chun-hunglin@example.net,^88KfA3z^2,林俊男,08 2171791
298,li-ling61@example.org,Z12XxxiJ^l,王勝雄,(07) 25235249
299,yu-lanchen@example.net,fe#5)Ry1qw,林碧霞,02-59357772
300,shu-chuan27@example.com,$61rNSsS56,張秀玉,0964-876562
301,bchen@example.org,+12WKV9f(p,邱淑美,0925-018379
302,hsiu-ying66@example.com,_g2MW4litd,何明德,03 5085467
303,shu-chuanchao@example.org,o#8Rc@Syx),張家豪,08-7974087
304,pchuang@example.net,9T1CNDpb&^,郭麗娟,02 8341352
305,chenli-ling@example.org,+FRVTlBIj0,洪玥彤,00 4493667
306,uchuang@example.com,&7nQPskpz_,洪玉梅,01-74079023
307,suhsin-i@example.org,%o7GisUM7D,江柏翰,(09) 22555209
308,liangyu-feng@example.org,$+W@TaD8u2,林秀梅,07-6392021
309,shu-minlin@example.org,8FFMmx^P_t,尤俊宇,0983351882
310,vkao@example.com,l#t+9RM4$7,謝子宸,(06) 46203042
311,hsiu-chen25@example.org,(UYSjvkH+4,林建中,0919-059796
312,li-hua66@example.com,$5kyfwvhG9,林淑貞,(09) 79353382
313,hhsu@example.org,#f1OMe$5(F,葉子翔,09-2722000
314,pengyueh-ying@example.com,$Pb)Z5ZwSh,曾淑珍,091 93256361
315,tchen@example.org,W)3cFs4YpP,陳金蓮,01-6964492
316,li-mei15@example.net,BcUhjkrg)5,朱國雄,(07) 27697467
317,wan-tinghsiung@example.org,0#4Crwxz#c,王志宏,06-79303215
318,hsiu-lan01@example.com,+6ZSNx6GB4,黃彥廷,057 28865624
319,rshao@example.net,b3FzahnB_l,郭秀娟,089 40704840
320,mei-chuankao@example.com,J(3NUtE8)v,劉麗華,0927090910
321,linli-hua@example.com,8G9C0o(qx%,施秀娟,(06) 27094639
322,chenmei-chen@example.org,&1#XglaN@6,葉麗美,05-19659150
323,liaokuan-yu@example.net,pN^o9Bm*or,涂進興,(04) 82062570
324,mei-huachou@example.org,g_Dd1BQfOL,鄭宇翔,06-66992459
325,vlin@example.org,Gb&8&1XnU7,葉進興,0932523497
326,li-yun92@example.com,Y+)99KBwTq,高柏翰,(06) 74795263
327,shu-fenchen@example.com,+J5gVu^*Aq,李俊傑,04-3301868
328,li-hsianghung@example.com,Eddw0Xlw(d,林麗華,(02) 90902293
329,chun-haosung@example.net,_1QbcLLzB1,黃麗卿,0941-875731
330,hsiu-lanchen@example.net,&NBcIbnH0f,陳雅慧,0905092891
331,chih-chiangliao@example.net,!bh5dIhAU8,林建成,06-8358297
332,suwen-hsiung@example.com,^r4LoXeS&U,李勝雄,(02) 93577822
333,ya-wentseng@example.com,!8L42Crq)h,宋美鳳,01-47564699
334,zlin@example.org,&9Alv&^fWo,楊志遠,017 83605089
335,chia-hao87@example.net,%KCFjkIUm5,陳進發,00-36727463
336,chencheng-hung@example.com,_r6+FaY74v,蕭建興,03-7139623
337,bchen@example.org,^0W461x)c@,蔡怡萱,0963516286
338,ming-tsung01@example.net,%+6BzmRnA5,温志鴻,0906-824823
339,tsoui-ting@example.org,)sbhXjD(b2,郭麗珠,0989-842895
340,steng@example.net,&7G7JfwqBi,洪惠玲,05-36524553
341,chenchih-chiang@example.com,XdtrDRBp!9,陳宗霖,0996-773472
342,linmei-yu@example.com,#mQ0_E$g%r,簡志偉,02-33056072
343,shu-fen60@example.org,_rEYA0ro(4,蔡世昌,074 53797750
344,bkao@example.org,(8T33e+wHO,吳進興,03-2838487
345,shu-chuanlin@example.org,BI0EW5rn@l,林彥廷,0959-787331
346,kuotzu-jui@example.net,_EjIrzerc7,劉秀華,034 81574130
347,shu-chinglin@example.net,h^3y5Yz&ao,葉語彤,(00) 34454941
348,chih-chung62@example.com,8)+8OF#T$h,張承恩,0928-871773
349,wlin@example.com,!t8d9HzgP#,許國榮,00-4337308
350,uhsiao@example.net,4jPhXyHa^2,賴淑華,00-7456119
351,mei-chuhung@example.net,806#M#Bw!6,紀進興,00-72798003
352,chenhsiu-chin@example.org,_3d20GUsiD,趙俊傑,022 33191038
353,okao@example.net,f^U0Q*g#$4,呂宗憲,04-11121637
354,tsengya-ting@example.org,n#c2Ep*FNu,簡建中,0906-826074
355,linming-tsung@example.net,tS3N#cop+I,陳淑芬,0964597121
356,qliao@example.com,*3PxU9ecWV,曾承恩,0963006576
357,chsu@example.net,F9j2FotH@L,詹文雄,09-77836752
358,chenhsiu-mei@example.org,b@o4X0eb*D,賴玉鳳,0941735644
359,fengchih-hao@example.net,7yEN*5Jm_L,張明德,0971670526
360,yung-changchen@example.org,xnI7@2Qw)_,丁俊傑,020 44654575
361,wen-hsiung99@example.net,@&0Kt6$gWF,陳文雄,007 87636324
362,mei-lanhsiung@example.org,uWr)1RGzF$,程明輝,00-4066137
363,choming-te@example.net,$&8Q7%Pys#,陳明輝,00 1076095
364,wen-lunglin@example.org,Iy8HsQE3Q_,劉淑華,00-75462270
365,su-chenhsieh@example.com,zhS9C#03_7,宋志文,048 50235127
366,cchen@example.org,*%3H44Kro),廖淑美,0928-541423
367,ysu@example.com,$3!Oh_90L(,翁國雄,09 8623975
368,achen@example.com,+U3JLl_BuI,趙志豪,03-9053710
369,ya-ting28@example.org,gfK5IDVg@s,徐麗珠,09 9649941
370,rchen@example.net,#s6e(Ev$j4,楊永昌,0965061578
371,ochen@example.net,^PS8RJgio*,巫宥辰,04-4859806
372,shu-chuanchen@example.org,_7J(T@bk&n,莊俊豪,075 13043230
373,li-chin74@example.net,%!F(Dilf81,陳進發,010 25834691
374,shu-chuanlin@example.com,&2DAU1tMfF,陳志忠,00-1929702
375,slin@example.com,@8Cg4Qtauh,翁麗雪,0994-908393
376,ming-chu83@example.net,8e13Xthg&0,崔哲瑋,06-6606689
377,mei-yunpan@example.net,m$5gdqaqfN,莊美英,01-3103049
378,dling@example.org,l7QHvcZq)Z,呂志誠,06-92974546
379,rlin@example.org,e$%2XYvPCv,饒國雄,071 69028882
380,ksu@example.com,lk7y5Cp2o@,王淑美,06 2091055
381,shu-fen73@example.com,&6THJ3D65w,張麗華,04-7214264
382,yu-tinghu@example.org,*l4x4lMaSU,吳心怡,03-8284943
383,chih-chungchen@example.com,VY+5PRq@^c,邱惠玲,02 3233236
384,tsaimei-ying@example.com,nd33VE3a6@,王柏諺,(02) 69889217
385,hchen@example.net,+(Y1Rg5SbK,陳美娟,04 1236750
386,chun-ting94@example.org,haKL*Ffh@3,張雅慧,0947-382929
387,linmei-ling@example.org,S)B9jHK+Ns,魏家榮,042 97899455
388,tzu-en70@example.org,v#6mHqhQ_f,陳玉梅,09-19241566
389,ttsao@example.net,bm81PIjY+H,劉美華,05-91303402
390,li-huachen@example.org,(NEWayPh9!,顏美玲,0982-526643
391,kkuo@example.com,kJm9UzhE#Z,姚文傑,03-81316236
392,mei-hua40@example.org,7CxjR9Kb*^,曾美慧,09-20391018
393,chuangchin-lung@example.com,(sRnf!@W00,羅家榮,071 36062279
394,khsu@example.net,#df7R9cAhf,林宸睿,00-3636724
395,kuan-tingchen@example.org,U4NhAtnd%C,蔡秀蘭,0961310546
396,yu-lanchen@example.com,1HUBC!qi##,蘇家瑋,03-87728290
397,pei-shantseng@example.org,K@CdI1S0Yd,藍碧霞,033 11526504
398,chien-hung00@example.com,VnJHDpkm)7,羅冠宇,06 3300840
399,fchen@example.net,*5lO6SozIc,龍秀鳳,060 74122927
400,shu-min41@example.org,oN1Yz^n2J+,呂麗雪,(09) 49546976
401,qchen@example.com,)2F2V(vvL$,李俊男,004 19005869
402,yu-hsuan55@example.org,q$1sBWysCF,楊淑芳,(05) 80547800
403,chouchien-chung@example.org,J8XOJj(D&d,周婉婷,04 7592330
404,rpan@example.com,w*p84YkNxH,林淑貞,(08) 50423723
405,elin@example.net,*C(0$M&hhm,段美玲,03-1591516
406,wyeh@example.com,&87KQ0Rba2,詹素貞,09 5327037
407,ktsai@example.net,*icX_+wf9N,鄭子豪,(02) 28175875
408,shih-han20@example.org,aP4uYA0rV!,王文忠,0965-775906
409,tsengshu-ling@example.net,w$0SaflaDt,王秀英,0951825620
410,chin-tsai63@example.com,v3m#9A1m+Z,陳秀娟,09-45197139
411,tzu-ching27@example.com,#9oEOnkh3%,林雅萍,026 41754334
412,yu-yinglin@example.org,W^!2Xhq*&6,王素琴,0956129725
413,liaoya-hui@example.net,s#zF18Tq1k,何文欽,(09) 47449580
414,kaoshu-mei@example.com,^4DEGisy9q,王建華,05 7497323
415,mei-ling53@example.org,3U6#Uqtnu*,邱家瑋,(09) 99963143
416,chuangchun-hsiung@example.net,20Hk#i99%8,蕭羽彤,06 3917732
417,mei-lan76@example.com,D6DjKQEt@N,許素貞,03-7127953
418,mei-yu81@example.com,+VMCo!Cn%0,林靜怡,05 8496185
419,cheng-ichen@example.net,t8&a3qCU_g,林榮華,0978-760408
420,xhung@example.org,+g5B8HzI&k,馬國華,(01) 66213612
421,chia-wei81@example.net,i2QtIKp^@z,柯美玉,0996140112
422,hsiehmei-hua@example.com,i2U1iH!$$i,林志鴻,06 6112203
423,uhsu@example.net,n%2DlSh&8),朱秀枝,03-6377097
424,chensu-lan@example.org,6ZLYslLb%y,呂世昌,0910160262
425,chensu-chu@example.org,1&XBqE0p#9,麥彥廷,(05) 63331218
426,pai-jui26@example.com,Z5c$uBXd#4,陳淑珍,0956510992
427,huhsiu-hsia@example.org,Zv6O_Byu%),葉俊宏,00-6874059
428,gtsai@example.com,@sLQ&oE!04,林世明,0942-690207
429,shu-min42@example.org,5c)3HXxkb),黃志賢,04-8095046
430,sheng-hsiung01@example.org,4yXC%mGy$A,何進興,0956-604856
431,mei-lingtsai@example.com,(8X2Emg(F5,楊文忠,055 48937395
432,mei-chulin@example.com,&vwDG9Psz1,黎志偉,(04) 56667861
433,shu-fen35@example.org,X06TEGnm!0,張金鳳,08-38073073
434,shih-han55@example.com,Ck)1@HKzf5,林美華,02-5863297
435,mchen@example.com,IhzJF1tF$3,張俊賢,01-3245340
436,houkuan-yu@example.net,+00nZce4!%,吳玉珍,041 42442930
437,li-mei86@example.org,w*Az5Ijj3l,陳麗琴,04-5506355
438,supei-shan@example.net,@ijZrxah^6,林俊宇,0914-102370
439,tsengchun-chieh@example.com,@w4LGqiuQZ,陳宇恩,00-17530703
440,uteng@example.com,d_E4gAGyu+,顏文正,(06) 45133468
441,li-hualin@example.com,5c%0A&Ef!v,林家豪,06 4847640
442,pei-shan35@example.org,54DOwi2A+q,蕭秀珠,072 64599943
443,chin-fachiang@example.net,t4QQlK*I!T,顏素貞,0998590724
444,li-chuanhsiao@example.com,@43u0O^wRQ,陳月娥,0957-333337
445,chien-hung32@example.com,baai%2Wx)w,郭俊宏,09-7422685
446,nchen@example.com,yV%BTpNe%8,林美慧,(08) 21019100
447,pi-yun13@example.net,0ZSqY6jM$5,林文正,07 7502811
448,kaosu-chu@example.net,(qT0tRLoz9,鄭月娥,(07) 31189873
449,chun-hungkuo@example.net,$8p_GIty7k,魏俊傑,069 40644471
450,pancheng-i@example.com,*X^md(ZcA5,蔡佳穎,(07) 34930588
451,yehyu-lan@example.net,!AG1*Ysgrc,潘碧雲,(05) 90061377
452,vlin@example.com,Y%7BypFm$l,王惠玲,07-22402997
453,mei-chu81@example.net,*5DhrR0$4k,陳金龍,03-65073812
454,chun-yu76@example.com,^3PaWSGlkw,賴慧玲,0923917248
455,dchen@example.net,87HwTAoj^i,鄭美麗,(02) 31311454
456,mei-ling23@example.org,bP)6wtIfwK,許美玉,09-41493122
457,linchia-hao@example.org,Xa2EkQ*A^V,黃凱翔,(05) 65569542
458,wkuo@example.net,3b+Fbb#m^3,郭永昌,066 61394409
459,hsiu-chihtsai@example.com,#sDjJ!#2l9,温勝雄,0960807828
460,ming-tsungou@example.com,@@d$QMg+7M,黄美麗,06 9175824
461,mchou@example.com,(0KOfSK!lD,謝志誠,06-9213877
462,ya-wenchen@example.net,!jWLbro0a8,巫承翰,07 3160674
463,yueh-olin@example.net,@o#HHhed1a,郭宇翔,0978-640468
464,pkao@example.org,&!7Hlpb(OK,邱淑惠,07-8308383
465,chin-lunglin@example.com,#sHPhxN#4G,劉美鳳,033 52005602
466,qhsu@example.net,@(gN0BJRdh,郭國榮,003 76977192
467,mei-chuliao@example.com,%aV*2TVorx,張玉鳳,09-4637585
468,hsiu-lanhsieh@example.com,*ty_)Z2Fp3,林榮華,(00) 42970979
469,chenwen-pin@example.com,*!CjqQjur1,謝武雄,031 25636262
470,uhung@example.org,)1(8c3Xl!J,林文賢,09 6331922
471,dlin@example.org,YkI7Y3CiG*,黃文忠,(05) 47378870
472,li-chen43@example.net,Q5KY&Irq)z,洪慧玲,02 2413021
473,shu-chingchou@example.net,@V2UtVD&G(,李玉鳳,0989-611701
474,ming-tsung35@example.org,tc10W@ReK_,朱秀琴,08-2251817
475,lchen@example.com,9&P^!a$b*8,楊冠霖,07-9894083
476,hsiu-chin78@example.com,E%j9e(SuR1,廖秀蓮,0978-678901
477,li-lingpai@example.net,m5HIYdbG^W,廖進發,005 63852260
478,chun-hung56@example.org,6OmlZ4clY_,陳子宸,07-1690756
479,mei-ling88@example.com,B2g+Cyrr(%,邱雅婷,(06) 64966341
480,chih-hao58@example.com,LU6SRaTi@T,鄭文彬,00-48370273
481,shsieh@example.net,g%Q)63RbmK,楊秀美,07 9834919
482,chin-lien15@example.net,e#41Kcwn@I,李秀英,(06) 50275018
483,su-chin95@example.com,)MVOxnWp9f,陳雅惠,0993205906
484,chun-chieh34@example.net,!i3*B2Wd+S,許國雄,05-95928604
485,shu-fenchen@example.net,E693Ejgu^9,鄭政宏,(00) 26920010
486,chun-hunglin@example.org,D4A#v0Tq*&,楊世昌,(04) 79071890
487,su-chu89@example.com,%h3X0Zl$rP,鄒志遠,0997-720309
488,mei-ying32@example.com,u%40Bcm+rW,陳淑娟,039 34882798
489,rma@example.net,T+sV0yGrow,蔡嘉宏,0953-401936
490,hunghsiu-chen@example.com,pE&v3K3c6S,蘇碧雲,04-20477458
491,wpai@example.org,^yPumHCqx5,蔡惠玲,0960-483013
492,mei-chuan28@example.org,t*y3uDRk08,羅淑玲,09-57334675
493,mei-hui06@example.com,gdP!1YdZ@u,劉志偉,08-6841034
494,chenchih-hung@example.net,#^3RjimhMH,林信宏,01-4007839
495,ftsai@example.com,n4jxXm7@*9,鍾宥廷,00 1417129
496,mei-chuanpan@example.net,e3!IfwIM*d,林志偉,0954-543259
497,byeh@example.org,0qRMS)z!_9,王建中,09-7746138
498,chenyu-ling@example.org,rhZjSuvb@7,黃佩珊,08-7737931
499,mei-chen19@example.org,N&Otdpik&9,王建華,0990814112
500,chenli-ling@example.com,l9HKgvd*#3,廖俊宏,0990428241
501,chih-cheng96@example.org,6)2RlZma0N,陳志誠,0933-411557
502,shu-chen98@example.org,1%(14YHfo*,蘇睿恩,07-97780435
503,rtseng@example.org,e6At5oLbM+,劉志遠,01-30495691
504,hui-chenchen@example.com,!i$Q1GHr+4,黃宗翰,01-36809319
505,rkuo@example.net,%I@4D%zpz^,曾志成,00-4367943
506,tsaicheng-han@example.org,*7NSoix!%3,尤美蘭,01-15555148
507,pi-yun13@example.org,B$f54U_gCY,韓玉蘭,(07) 58021396
508,mei-li28@example.org,N^q90SzZ)W,鄧志誠,0999-259291
509,chenmei-feng@example.org,d87+N8upQ_,林志強,0902-018238
510,chenpai-han@example.org,%3MOALz#L),賴美玉,045 18495755
511,jaochih-cheng@example.com,6a_P@gws&m,陳建興,02 4289047
512,chih-wen60@example.org,I!ic9LxA^o,許志強,(08) 81117798
513,jung-hua05@example.org,61CBftu6*a,康秀華,01-6500139
514,chouya-chu@example.org,CC_(7G!iG$,董麗珠,04 2877353
515,chia-lingsu@example.net,s8a02Blup),陳志雄,(07) 38125777
516,linshu-min@example.net,JZ3XBIeg&5,張志宏,(00) 56442835
517,mei-chuanchou@example.org,l$c7noDy(J,許碧珠,09 4542346
518,bhsu@example.org,wWM9Dsf1e@,林俊宇,0964308365
519,shu-hui08@example.net,&!Z*WxUkp4,萬彥廷,024 39243613
520,ihsu@example.com,K$!5CYf+b4,李家豪,0911-844969
521,itsai@example.net,*T2QBBnhpk,史冠廷,06-80596781
522,slin@example.org,T42C+uJy^j,許麗娟,021 40944708
523,mei-huima@example.com,Q&V$3Lcg3p,王惠玲,03-34551106
524,hsiu-chu45@example.com,#9g1pVyUtm,郭冠霖,0979038949
525,chin-feng27@example.org,@g3Twfc14N,史俊銘,07 8751457
526,chenmei-hui@example.com,_O6qXJ@ac1,吳美麗,0965-156223
527,pao-chuhsieh@example.org,e0_nOy6k@D,張怡君,00 1722854
528,xliao@example.org,G#Xu4NSbF^,姚文龍,(05) 14992961
529,li-chuanchiang@example.org,4*#Ah8Yn7@,賴碧雲,09-6642671
530,shih-mingtseng@example.com,^w76amCn+3,陳志強,03-8178922
531,cheng-enchen@example.net,5RBS9cvs+d,邱哲維,07-9452539
532,hsin-ilin@example.net,ZIa6FUncr$,羅美惠,(03) 85151453
533,li-hua19@example.net,*4I1MRFl3r,吳麗珠,0905418107
534,chih-ming44@example.com,5HuHYqRz+6,黃義雄,0975-193228
535,ya-lingchen@example.org,k3p4QoNP#k,王秋香,037 82564948
536,yu-lingtsai@example.com,@ZRm8NGs#T,趙信宏,0977-714652
537,mei-chu58@example.com,(B6OcHqe)v,黃俊明,048 41766644
538,xchen@example.com,uP6+4(JnKJ,劉柏宇,0949-663243
539,linwei-ting@example.com,+66V**t)o8,張子宸,01-2416778
540,yu-ling73@example.com,3uLGWxik$g,陳文雄,02-46827835
541,pengyueh-o@example.com,B7ZNhdwu%^,吳淑卿,027 36283220
542,ahung@example.com,+*7RgFcgx7,陳秋香,033 68296164
543,yu-lingchen@example.org,UCYW3Sco$+,鄭建良,0966121781
544,hsiu-chuchen@example.net,1^9IWhjLW%,張承翰,(07) 68725159
545,chenhsiu-ling@example.org,!DcIrP$N2b,黃芸菲,09 6849977
546,pengchien-cheng@example.com,^k@DJFbDR7,段俊男,04 8288830
547,achen@example.net,N&4NzWYh*7,何月娥,077 45876495
548,i-hsuanlin@example.com,6)348nXr@),黃宗霖,0950-514709
549,ichou@example.net,O$YH0ZQnC6,黃碧霞,09-7875849
550,ychen@example.com,$0p5TIYnuU,李美慧,09 1338224
551,tsaili-mei@example.org,+RV05Wnl^J,周淑娟,0906-170448
552,xlin@example.net,B5dtK9Pw$b,范嘉宏,08-99848811
553,shih-han05@example.org,9&2M4Wzqq*,張柏宏,0906-443439
554,kai-hsiangpeng@example.org,6B2I*gEq*W,劉金龍,046 38590891
555,linwen-hsiung@example.org,m8ZdjkQE!W,顏詩涵,00-2996919
556,chun-meisun@example.net,*2xxsXC5tf,孫淑惠,00-52909083
557,rchen@example.org,)z^97MelaQ,林家瑋,02-85420106
558,i-feichou@example.net,%ltYzlXK48,劉柏睿,05 4720475
559,hsiu-chihchen@example.net,h70EblsnU^,邱秀英,01-19411438
560,vlin@example.org,I5N9Lmhq+i,周政宏,0917-475396
561,shu-hua78@example.org,%Io3Mtt15G,蔡寶珠,0943-379778
562,shu-lingchen@example.org,S4Y4U8l0f@,林建興,070 93207238
563,hsiu-chuliao@example.org,$2iz3^JfZt,連美麗,076 58045242
564,iliao@example.net,#46XYa8UE5,戴建興,07-5458468
565,chien-hsing59@example.net,E)#r0Qxz^p,吳家榮,01-9098646
566,chenchun-hung@example.net,9bzsO(xa&i,胡俊宇,04-34461151
567,ltseng@example.org,g*YQ3Y7hvA,陳佳玲,00-8212013
568,li-yun70@example.net,%e#g3SRtST,陳柏諺,(00) 56351850
569,chenpi-yun@example.com,&L4HyqwHCF,阮文祥,030 40947964
570,ppan@example.com,dmM3rHPk_*,陳柏諺,04 4194179
571,ttang@example.org,x%b37Fu+0B,許志偉,07-27483949
572,hlin@example.net,7!@9q%Aapi,郭金龍,0992-339586
573,mei-li76@example.org,!Ck#O7(b%%,王麗華,0940948002
574,tsaomei-ling@example.net,o(M1UZkIIi,劉進財,0914575379
575,chenli-hua@example.com,CQ4l0+Xv)x,黃淑慧,03 1916977
576,tsaoli-chuan@example.org,0F8XjTyR)C,陳志強,094 95924329
577,shu-hua47@example.com,X5IJAOhf_n,方秀玲,04-74021859
578,li-chu52@example.com,+60&0FTgDo,陳秀美,0913171336
579,li-chin07@example.com,+fBu8EWuG0,劉柏睿,0986574658
580,wen-chang47@example.org,^c8YfKGaLl,許哲維,05 1001244
581,cheni-chun@example.com,w_HjA5TxjN,呂宗霖,06-84620270
582,chenchin-lien@example.com,EZi6Zwd70%,王志銘,(03) 36258047
583,ihou@example.net,*0P#(ok40r,邱承翰,0964330170
584,rliao@example.org,r9rJkO)X^X,李家銘,02-16783852
585,i-chun90@example.org,)EvrsMoLg0,常麗玉,05-21925000
586,chia-hung05@example.net,V&t3S8zWdI,王淑卿,0960426536
587,cheng-enliao@example.net,g0%C!lQL^r,王志誠,08 9779554
588,linshu-hui@example.org,@68Q)YerL&,陳月英,02 4016984
589,dtseng@example.net,D!8OiqfSm_,楊金鳳,0950-051303
590,ya-ping42@example.net,)8Lt7ghQd9,王秀玲,0923811858
591,mei-lihsueh@example.com,&ss9QpORK(,陳麗珠,083 58816043
592,chia-jungsu@example.net,Xul28Qr6l),陳承翰,(03) 56135702
593,nchen@example.org,W&Y6+HfyZH,王建華,(01) 74442068
594,otai@example.org,#hqBBYqDb8,江玉蘭,09 8348581
595,pengchih-hao@example.org,_k2Gddz51*,黃淑惠,00-2439880
596,hungmei-yun@example.net,l&rGKiNt+6,張淑惠,02 9489072
597,zlin@example.net,1&k0cWQr+6,徐明宏,00-4774534
598,hsiu-yinglin@example.org,Yx5wZVW3&(,陳金蓮,09-11774720
599,chun-minglin@example.net,^3vRLfWofy,楊淑惠,074 28288674
600,chin-tsaichen@example.org,h&^4MaFM#!,黃俊傑,03-53690302
601,chenhsiu-ling@example.net,!+sslKSx91,賴承翰,053 25369592
602,kuojung-hua@example.net,*pc@5ZjVJ^,王美蘭,0945-140437
603,vsung@example.com,LF5KhBzai*,陳進發,0993427063
604,chun-chieh82@example.com,hA6QOrvmO_,涂永昌,00-28595828
605,chia-hao22@example.net,n1!OkpCH@#,葉俊銘,(03) 79681188
606,chenshu-fang@example.org,^h8SUkt3oa,劉美麗,(06) 78173499
607,sungchih-chiang@example.net,AZSinjoJ(8,詹秀玉,0967-305942
608,ghsieh@example.net,4n2NVoTh+8,洪明珠,09-7000282
609,clin@example.net,I*0YxNO_Ti,蔡淑惠,0944-628293
610,ming-chu23@example.com,G&z57El!Yv,蘇彥廷,0994-763575
611,wen-changchen@example.net,(6LeTsI&Nd,高俊佑,(03) 26294666
612,xtsai@example.org,A+z0hUufJy,白芸菲,09-4690505
613,cchen@example.com,$d437aRh(O,劉淑美,03-6744720
614,mei-yingchen@example.org,8lq0WLd35#,王麗玉,01 5012355
615,mei-chu83@example.com,D%7UtuvH@$,吳雅玲,03-5536678
616,kaoyu-fei@example.net,j)4ULvF3oC,羅子翔,0900860677
617,liaoi-chun@example.org,#!b00Gkx1*,王雅惠,05-84665703
618,hsiehmei-chu@example.org,$u7gVRq%M7,曾惠美,07-7735858
619,ming-te08@example.com,1i0Np7sdN_,鄭嘉宏,06 3494923
620,chin-fatang@example.com,@0ih$Io9&o,林美華,098 88877095
621,uchen@example.net,D+v2NB8v*S,張家豪,(09) 94074750
622,tsaichiu-hsiang@example.net,i$O1Ns0)t4,李國雄,0903415303
623,gtien@example.com,P84gN4kmF*,陳志強,(00) 31272363
624,chien-hung19@example.org,+z#3xOhAi6,葉淑貞,02 5018718
625,chun-hunglin@example.org,7K$I$5CjJB,傅雅婷,00-68739791
626,cheng-hsiungting@example.com,&5kWU%Rhp),張秋月,00-6317231
627,yen-ting98@example.com,%24*nDxo@K,蘇郁婷,059 58253873
628,li-mei19@example.org,D4uIrMkL%j,林麗華,0998-748674
629,wchen@example.com,(vuK(K^ti4,徐文龍,0985654483
630,qkuo@example.org,##KivR$D17,陳秀蘭,00-1257887
631,ntsai@example.net,E^5Bwbov_t,黃淑華,06-6720714
632,vchen@example.com,l^7GmjlbeK,邱惠美,0968-137325
633,pchen@example.org,_BRc@V0gC2,何月英,00 1539447
634,tsengyu-ying@example.org,)11ZVsrAPx,李麗美,(08) 76328320
635,tchen@example.org,jq724Byp@6,黃榮華,09 9757627
636,chiangchia-jung@example.org,zdA0MMIsl$,陳美麗,0990-523795
637,chun-hsiung53@example.org,uLtLUg&+(6,余欣怡,0991-207412
638,shu-fensung@example.com,5)OTD(yt)p,施雅慧,(03) 66656298
639,pai-linchen@example.org,47otCPsO%Y,楊勝雄,00-1409595
640,gchen@example.net,0n4*!SAa$),黃承恩,0947253957
641,chih-wenkuo@example.com,yt4FQv57_X,劉哲瑋,049 27068347
642,ktang@example.com,+W1P(RHpfM,王淑美,094 34934978
643,suchia-jung@example.net,D2wVvBhe)1,林文龍,0985-853982
644,chien-hung94@example.org,CH0(Dflkz+,李志忠,08 5163010
645,chenli-chuan@example.org,d$8Q7sft8(,連建宏,08 7751467
646,tzu-hsiangchen@example.com,%ewW5HkN_9,林秀蘭,050 75039230
647,linsu-chen@example.org,Q+L3ToFc5C,詹雅婷,02 4771268
648,hsiu-yuchou@example.com,_3w_GzRu0G,李秀娟,04 7960748
649,tsengchia-hao@example.net,iE^4Zulj&A,姜承翰,01 2349853
650,hlin@example.net,#*lp@Vgxq7,李文龍,0944-592908
651,chun-meichou@example.net,tuWDboWs@3,陳怡君,058 73076896
652,chun-liang34@example.com,^ap26HYmf9,張淑美,08-1028740
653,i-chen31@example.net,@5X@YfNu7B,梁世昌,055 67662649
654,kuotzu-han@example.net,S9A*3*uR(6,潘威廷,059 38784634
655,hsiu-feng81@example.com,(%y6YdlbcM,白淑玲,0990490564
656,wen-chiehchen@example.net,!E6PFrb+7L,楊碧珠,07-2414879
657,linya-ting@example.com,U_1Lw9ddMF,阮麗琴,08-79696491
658,hsiu-ying27@example.org,)8ZTBUjn4#,林建銘,0977412561
659,ya-ting46@example.net,$_0uYtmVQi,施進興,03-44453452
660,yehchiu-yueh@example.org,%!36jJObD%,黃志鴻,0959476173
661,hlin@example.com,vN3IBWZM%8,紀秀美,0953-466196
662,mei-chenhsu@example.org,d9m71oHq^+,劉文傑,0963-823609
663,ming-chu55@example.net,m6^AkL7m!I,吳淑娟,0950793348
664,chun-nan03@example.com,xw)4TLq8Ve,張羽彤,09-1212909
665,yueh-ying47@example.com,D7)FyoxC!k,翁文雄,0988-032500
666,pai-hanlin@example.net,6^50vHrDJS,江怡君,00 3601908
667,yehchun-hao@example.net,0G%7jQAeDX,黃文賢,031 65034535
668,pi-hsiatsai@example.net,dT_8Bp1dt3,洪秀玉,02 2734052
669,fushu-mei@example.org,xVSKYBcC*7,陳麗珠,0939-585333
670,rlin@example.net,^i3NE_Va+p,吳美玉,07-24325556
671,choucheng-hsiung@example.org,LrPVS4xp!6,張文雄,02-25106639
672,flin@example.org,$51E0seB&5,吳信宏,05-31184569
673,shu-fenlin@example.com,8fQf1Pww&B,廖志偉,014 28654682
674,wen-chiehlin@example.net,@OHFvwPK19,劉志豪,06 9355486
675,ylin@example.com,*4uSH6c^Px,陳柏霖,(00) 13936493
676,liaoyu-lan@example.org,cg72W9Sc^k,陳淑貞,07-8176953
677,tienkuan-yu@example.com,buPUsemk@7,呂麗美,014 12539016
678,chenshu-ling@example.org,0pY8^w3A)1,楊明珠,0974-591170
679,chun-tingchou@example.net,#HOGX@yxD6,高文彬,0993777027
680,mei-chuwang@example.net,*ii4Ov)q@6,徐秀雲,05 7422979
681,kuan-yuou@example.net,)go1Vtdi(l,吳志誠,07-20035042
682,shaosu-ching@example.net,P7XYICh%^p,辜美鳳,09-85566201
683,tingpo-wen@example.com,E3R3(V2q#*,邱博文,0986-821410
684,oliang@example.org,vPNrgUem$4,林家豪,05-5595107
685,dhung@example.net,J3IBGCPe*D,戴惠美,01-7493774
686,sunghsiu-ying@example.com,76%u9rIc(i,劉家榮,07-5779854
687,tsaitsung-ming@example.com,oG!2@(Ni^9,林麗卿,06-5940256
688,tungli-chu@example.com,^7YhK2rAw%,羅子豪,049 92581495
689,hsiu-hsia49@example.com,!tPSvYIN$1,彭志銘,0957-072597
690,chien-mingchen@example.net,OMk73EFa%r,劉志成,07 6419101
691,wenchih-ming@example.net,&1A@MN@Sxf,徐佳蓉,0981331148
692,kaoya-ting@example.com,*8TkneG&%K,陳月英,04 4048623
693,li-huachen@example.net,_8tM_nJbhS,鄭佳蓉,0978916888
694,mei-li76@example.org,gA0CNM%fh+,羅美惠,014 81132756
695,ctsai@example.org,#B!47)Jdxn,朱麗華,02-78320001
696,shu-chuancho@example.org,!SVWzKmd)1,林苡安,09-65201696
697,hsiu-chuanlin@example.net,i$7TivqXjk,林淑芬,03-32507397
698,liaopi-chu@example.net,N5Frc1c2$A,廖家宏,03 6527495
699,kuo-hua14@example.org,Qbx%lVAl*4,黃志豪,07 8939945
700,hsiu-ying83@example.com,8brhOYHv*2,蘇鈺婷,0920332617
701,hsiu-ying44@example.net,#1X^IdvB$X,洪承翰,0977-228805
702,linwen-pin@example.net,79gSQlSb+#,張承翰,0909694991
703,linchih-hao@example.com,Yu7SwSD#W!,劉玉蘭,030 66903374
704,mkao@example.net,0tA5APq&%#,林麗娟,0975943524
705,li-hsueh28@example.com,*4Zb1g+t@m,郭碧珠,0998991977
706,pi-hsia74@example.net,$rH0tO1mb#,張秀琴,024 48179091
707,shu-huapeng@example.org,+DZr3xVhbj,林進發,0952-676210
708,tsengpao-chu@example.org,NU5OLrGH3^,呂秀琴,07-1507868
709,vhung@example.net,1#(SygLe*7,林雅雯,05-40347318
710,chenhui-ling@example.com,(+GHycGIy9,高素珠,02-39748427
711,tsung-lin04@example.net,j3dS62XS^d,阮志偉,(03) 90875606
712,chia-hao66@example.com,(cSHJoYN!0,陳承翰,028 97064311
713,ming-chuyao@example.org,cct4TsjuE@,王素貞,08-75502433
714,wen-pinchen@example.com,(01Xwb6!nS,朱心怡,(01) 20193551
715,gliao@example.org,%*j1lXzlmE,黃秀玲,01 1485552
716,hsiehya-wen@example.net,B!^_C2gdwS,葉俊豪,0947538456
717,linwen-pin@example.com,_m0VpxX7P9,張建中,08 2177517
718,chun-hsienchen@example.net,^)YNbym9Q1,李心怡,(00) 31005296
719,wen-chengchen@example.org,*n3NSixx@%,蕭美英,00 9432557
720,li-yun06@example.net,_9QSIiRBDb,趙宗憲,0947914421
721,tsengkuo-jung@example.com,^7uxDxb8lM,李恩碩,0924110733
722,gsung@example.com,$hF_SQbr7n,邱雅婷,0972-209835
723,wchen@example.com,aP6!8nFgI5,侯志遠,02-1411552
724,hlin@example.com,^+^m1VVv3+,李雅惠,00 1318306
725,speng@example.org,FBVPWZIp@4,王信宏,08-50318538
726,wen-cheng55@example.org,X@&c*6%tfH,陳明珠,039 35488745
727,huchien-chung@example.org,T6eW2Sqd!o,李惠珍,03 2847357
728,ating@example.net,*i17MsDoRm,謝麗珠,(09) 16071107
729,shu-chen45@example.net,$j!YTce)$1,廖柏宇,009 13998720
730,dchin@example.com,@U1@BY5hI!,劉家豪,04-60926021
731,li-hua35@example.net,%^bGd9Jowf,林詩涵,0977-738125
732,olin@example.com,34gMWzZ$%6,許柏翰,0976-257699
733,hsiu-yulin@example.com,u2wHTnjx*e,林惠玲,02 6092084
734,chih-wei98@example.org,UobBp7hr*1,林淑芳,(03) 51089890
735,tzu-en11@example.com,atr2@HHz$#,王雅惠,034 66267185
736,sushu-chen@example.org,PnQO2BtSl),施麗華,(02) 79395891
737,hliao@example.net,64OP&jY!(g,曾麗華,04-5754422
738,chenhsiu-chin@example.net,!I$5HcbZ)^,劉靜宜,02 9236033
739,wlin@example.org,^JKQfGNfU2,陳玉玲,04 5792305
740,yung-ching38@example.net,Q6w2(0FpX#,鍾月娥,0958376861
741,chih-chungliao@example.net,MyVmE9Xg&8,蔣秀琴,0946700635
742,hsiaohsiu-chuan@example.net,&41YOG0s+U,甘柏諺,025 99519474
743,wu-hsiungjuan@example.com,5xx9KqbFu&,林美英,0965-413646
744,tliao@example.net,)p$97CgD(j,毛正義,00 5179484
745,shu-fangkuo@example.com,P4@73xQy*X,廖宗霖,036 43377336
746,maoyueh-ying@example.net,_+_T62VeI7,陳志偉,03 5429795
747,hsuehming-tsung@example.org,th74vNqz+T,趙淑芬,0934-725359
748,tsung-lintai@example.net,601LN*mLd@,黎秀鳳,(05) 29100466
749,chenyu-lan@example.com,_*64WuxH(6,劉惠玲,(07) 70400216
750,yu-hsiangweng@example.org,W2_9Ydrev2,張淑惠,(01) 96030738
751,mei-yuhsiao@example.net,_JkkNcnP6e,黃秋月,00 1150470
752,kuoshu-fang@example.com,m*3Cn2hmpQ,林素琴,0952894195
753,linshu-hui@example.org,x#9R6XbcM@,易志豪,03 2116994
754,ya-ling26@example.net,S@6RdTcmG9,吳建中,01 3922452
755,chenshu-fen@example.org,o_fw7Jtz9),高家瑋,084 12854275
756,mei-yunweng@example.com,!4Kxw@dU@V,林秀美,00-53705399
757,yu-lingchen@example.com,(*c27*Gs5M,許承翰,(01) 70184836
758,mei-chuan75@example.net,Pq)2pWjXr),劉靜怡,05-63867214
759,hsiu-ling19@example.net,!u!rJa^1L1,熊淑芬,0915-334669
760,hsiu-hsiasu@example.com,&EaSmMIz!5,林勝雄,01-25673898
761,ya-tingkan@example.com,#7ocLl29Cm,陳建宏,01 4388827
762,vliao@example.com,Ou@5ZAtej^,張麗珠,0984-775433
763,ya-lingchen@example.org,ENiVfRuN&9,施雅萍,02-39766015
764,wen-huachen@example.org,z8xXnwuo(f,張國榮,01-7575590
765,chia-junglin@example.com,%qaQfK(S*0,陳金龍,02-1861495
766,chun-hsiung57@example.net,_SCN9F(dY2,范柏宇,0908-084155
767,vjuan@example.net,i%2lv1DyQk,陳美鳳,06-14504051
768,mei-lanhsu@example.net,_S_)FdZe!2,楊正雄,09 9385818
769,linhsiu-feng@example.net,%28MPHib#1,賴志鴻,04-3478684
770,shu-min20@example.com,^WMOXJms9G,張宗翰,(07) 71211510
771,chenkuan-lin@example.org,sbyTcvSY#6,陳建良,077 98046557
772,pai-yu78@example.org,&nQEIRqK60,羅子翔,04-4340880
773,chun-hsien22@example.org,2RZ!(82^_i,林金龍,04-1246043
774,chin-fatsao@example.org,UC@7!2Va&(,周家豪,04-5388179
775,kuoli-hua@example.net,)YRQMpnr_9,謝品睿,09-5596717
776,vhu@example.com,CdK3V4Ow@A,林惠玲,02 6611469
777,rhsieh@example.com,2SYsG%Yd)5,林宇軒,(09) 98360304
778,hui-chentsou@example.org,)j(S#ph502,蘇玉鳳,07 9657102
779,hsiu-chuan58@example.com,))0Eqqf4lV,謝雅婷,0967322289
780,nlo@example.org,o+U46iWqNb,王武雄,074 93671410
781,chien-cheng16@example.com,o%d3fZgj(X,林俊男,055 26720036
782,ktseng@example.com,(5OZXm2dTn,林秀鳳,043 30206341
783,shu-hua73@example.com,%QdM2GoAo#,黃宗憲,0928676826
784,linming-tsung@example.net,%$*8YLs3^4,林素珍,(01) 26965794
785,tsengpai-jui@example.net,brTNKIn^&2,林建中,(09) 28758483
786,gliang@example.org,^cK+mf+A+7,戴淑珍,041 15469676
787,vlin@example.net,#J2Ogho*wl,林素珍,00-1221460
788,jchen@example.net,)A07In!^46,楊雅惠,059 35383607
789,linmei-yu@example.net,$DN56OwqWm,李雅筑,0939-649437
790,pi-hsia01@example.com,StdS9UcL!O,詹明宗,0953608706
791,thsu@example.com,c7U8iT8w)S,黃俊傑,09 7977037
792,etseng@example.net,+(60ALf1A),鄧建興,(05) 78215070
793,wengchien-hua@example.com,y3V$EHdo_Y,劉麗華,017 45087456
794,hungshu-fen@example.net,_w&Oy*6a7v,徐哲瑋,080 81303937
795,yehchin-feng@example.com,^aQdODXfs9,洪俊廷,03-1400037
796,chenya-hui@example.net,_1JTNDZQaj,林明宗,(06) 58386333
797,i-chun58@example.net,HRzN_Zlm)3,鄒玉玲,035 59580510
798,zchen@example.org,k+)7JA_kAz,龎美娟,0981-889776
799,chenyu-hsuan@example.org,eclVD@Ur+8,朱淑貞,08-35225974
800,cheng-hsiung38@example.net,e6(5@IZyJR,戴威廷,01-2593252
801,whsu@example.org,pE1wGyxa&2,林柏霖,01-5429177
802,ilin@example.org,_$hc)ZtC(8,沈秀鳳,0983967414
803,wen-hsienchen@example.org,Dfj@8TawBN,鄭美玲,0995594669
804,shu-minling@example.net,%*nZgxwzu3,温淑珍,011 69675516
805,hui-ling11@example.org,$(R3Gx+g@u,許建志,(08) 27850795
806,chun-chiehlin@example.org,*vzY%9Rcp9,林惠美,0988-570100
807,ichen@example.org,!)8TCGpi^1,王正義,09-8490567
808,shu-hui08@example.org,^tMRW6ub8l,施秀梅,02-8436790
809,shu-huichou@example.com,$4CdT1lzq&,余禹彤,00-32472384
810,pi-hsiachen@example.org,$lUL_2Ou#9,許秋香,(06) 35419446
811,chih-hsiung62@example.net,yxHi(0Tf#J,鄒建宏,04 7344379
812,rchen@example.net,@$!9(GlMt3,劉國雄,092 29312765
813,xlin@example.net,$yL)0^mv+0,傅俊宏,(07) 85338912
814,wen-chiehtsai@example.net,&L60WuKv*+,黃俊賢,07-4601395
815,chenya-ling@example.com,%YDM0Bru(J,蕭俊廷,(04) 70929190
816,ytai@example.org,_j6LjOi@I%,黃秀珍,0945516920
817,tsung-han41@example.com,@IY3JzmdRZ,李美英,054 40274372
818,i-chun14@example.com,_q0qV(hA*m,郭雅婷,0980641668
819,linli-hsiang@example.net,3FllT#On)D,沈承翰,044 74570644
820,chenchun-hsien@example.org,&_7rLwuU1d,蔣承恩,0910707675
821,fchen@example.net,z#21tPejd9,王俊廷,(02) 75501080
822,yun-fei16@example.net,gF#Z1GkWF4,林志雄,08-98179598
823,fchen@example.net,kYcM3Z@uq&,鍾志強,044 23106687
824,hsutzu-chen@example.com,Sp5LOXtTt$,陳冠宇,09 2526252
825,li-chulin@example.net,_@Z22R+gkB,張秀鳳,026 45857074
826,li-ling00@example.com,m2M(f@mp+r,周宥廷,0904494063
827,nhsu@example.org,^v23SLKk4h,莊秀琴,00 5620708
828,wen-hsiung70@example.org,E$3Uy$i)PJ,范信宏,055 85656124
829,pengssu-yu@example.net,D#nmX@y%#2,陳品睿,0909-286513
830,hsiu-chen47@example.org,1bWCR!WW_5,黃進興,098 56447397
831,cchen@example.net,W7Ro8%my(g,曾麗香,085 86712968
832,liaomei-hua@example.com,!AUH!9rs9#,鍾淑貞,03-58261534
833,yehli-chen@example.com,)3LexOb+aq,李秀英,0952029244
834,ftseng@example.org,E1Jl&odx!k,吳家豪,0925759745
835,chia-ying77@example.org,$^mB1+7n6w,彭雨霏,064 15638585
836,yueh-o23@example.com,5*_X8dXb^D,吳金鳳,03-19060919
837,chenchien-chih@example.org,M)8uxTolWm,姜建中,0984-428561
838,ya-wen28@example.org,N#T5AFj$kY,王進財,(07) 99889912
839,choushu-hui@example.com,!5MaVM@!ZN,郭彥廷,04 4808839
840,tzu-hao59@example.org,OxWGuE+f^0,湯碧珠,06 1669984
841,pchen@example.org,@tLLOQH@4G,陳明宗,02-8345053
842,blin@example.com,gVu1IdxbY_,涂麗華,01 3762183
843,su-chentai@example.net,&I9DTwUP8*,宋鈺婷,05 2903323
844,li-hua69@example.org,0kVt7InW*r,蔣秀珠,04-7434717
845,hungli-chu@example.com,)5A9YXurOL,王雅慧,0928307234
846,hsin-hung40@example.net,8oZf1hlG&0,卓博文,04 6111274
847,shih-ming06@example.net,d71RXT^jF*,王淑美,00 7699908
848,tlin@example.net,!k9Uw39E)),趙子豪,09 8761053
849,hsiehpai-yu@example.org,^GbC*sobY9,張文雄,028 79168113
850,chia-ling52@example.net,&kmM0Ioy6!,蔡文傑,08-5054995
851,ytang@example.com,$i&#F5mK9B,戴明珠,(08) 83225415
852,ya-chu60@example.net,t5*yi2Mv!),范聰明,0902090734
853,linchih-hao@example.com,!1KUqbdW$C,蘇柏翰,00-10717964
854,yu-meiliao@example.org,W_y1a8Nub9,陳金龍,07-36056045
855,flin@example.com,%2ohME!mhl,吳鈺婷,08-2957425
856,hui-chentsai@example.com,G#6ZKahk18,李婉婷,(00) 97656555
857,linmei-li@example.com,i7JxmvBq#q,劉麗香,(05) 72796691
858,ya-chuchen@example.com,L&8M8ubKwX,林文賢,06-7765394
859,sumei-ling@example.com,ICnGthRp%9,許淑芬,(05) 38079869
860,schen@example.net,(26FwAI8K7,彭雅雯,05-75264134
861,chuangwen-pin@example.net,bO%42Udo@u,邱素珠,09 3958340
862,chih-chiangteng@example.org,(rT$&Qcy*6,謝進財,032 39213611
863,li-chingchen@example.net,UWQo0)9xI!,楊志賢,026 82080437
864,chia-jungpeng@example.net,e6(9PyJnU%,梁俊宇,(04) 78814068
865,ya-lingtsai@example.net,GndP5cCCL*,李淑芬,0911215830
866,yuanching-i@example.com,e(&5Gynw+K,魏秀梅,00-6324540
867,chien-hsingchen@example.net,_Kq^GSi9&1,許玉梅,(08) 76633480
868,hsiu-meitsai@example.net,q5$yH)rY)q,陳宗翰,0998-996079
869,linming-chu@example.org,aW%3aGpFoG,王淑娟,0986-350474
870,i-tinglin@example.com,#8Enm^zP$t,游家銘,0902693231
871,yueh-o97@example.net,#8_XQlW9c6,杜麗華,02 8135631
872,wweng@example.org,0ZzDzHYG$O,陳建興,(02) 98877269
873,chih-hao72@example.net,)cbPzmc@@7,鄭俊明,01-34054281
874,chensu-lan@example.net,DT^*Pmr!(5,林志宏,0915612369
875,chiu-hsianghsieh@example.com,%@9KdK3qI0,李麗娟,06-17925593
876,kuoli-mei@example.org,D#xUHYji@8,邱仁傑,072 86333564
877,mei-lisu@example.net,$2XMmD1lif,張淑芬,0992-760609
878,li-hualin@example.com,_XZYYAHf3H,盧秀美,07-69251369
879,li-meijen@example.net,@f23RqDmm2,陳俊廷,(01) 26377774
880,jui-enlin@example.org,)17QMzRLWw,李家豪,01-1377862
881,li-hua10@example.org,$q5X+*9d1o,呂秀珍,02-44074364
882,mei-chutsai@example.org,fl&7Q!nwP),林苡晴,0904-527708
883,khsu@example.org,0s*1NdH9K6,楊寶珠,0976-475843
884,mei-yun34@example.net,)&J!kzxgQ0,許淑芬,(07) 92286422
885,ychuang@example.org,19XY*Vp5!R,羅寶珠,(04) 47928322
886,su-chingchen@example.com,aHS9RMja+R,蔡欣怡,06 5017214
887,ptsai@example.net,(f3rXrJYL3,陳麗香,0955-522862
888,su-chenlin@example.org,eRK3uueP^1,黃秀蘭,(01) 25767496
889,chuangshu-fen@example.org,)sX$6zKk2_,陳文欽,0972120312
890,yen-ting96@example.net,#K@FEYAk35,任俊良,0905674712
891,hsiu-chinhsiao@example.net,A+37L9vu0D,崔志成,0905-155544
892,qtsao@example.org,qYKsU9$y(3,顏冠霖,0914-424430
893,hchen@example.com,A710AWoZR*,林玥彤,06-44530277
894,pai-yentseng@example.org,$%FBDaf*+1,賴明德,05-1570028
895,yu-meitseng@example.com,^0#sDlMpd#,蔡俊傑,09 5497935
896,hsiu-chinlin@example.com,M5LOkSgU!x,詹淑娟,06 2155389
897,hsiu-fengchen@example.net,T6%X39(y_I,林雅惠,06 3797116
898,bpan@example.net,J_!2Cyen0W,林秀美,072 95912145
899,kuan-hung88@example.net,3($!oZ)f_i,王家宏,07-15144337
900,li-chuanhsieh@example.com,)V5VFfZDwD,歐柏宇,(08) 72466921
901,tsaicheng-hsiung@example.net,&q4W^AIty*,陳家宏,07 8667201
902,yehchin-feng@example.net,!$@9qoRpFw,詹雅婷,09-14130397
903,li-chuan81@example.net,rqC1YDwC++,鍾美華,05-9693057
904,sui-an@example.com,luL534KcX),張素蘭,08-77600426
905,hsushih-han@example.com,%FwJVgiy#0,賴子宸,0981-571518
906,wen-chengtsai@example.com,@x7VpgjT01,陳玉鳳,06 2450646
907,wen-chieh64@example.org,n*42^Dd3Wa,江國榮,00-36317405
908,yueh-o36@example.com,(8*SdTHY(F,林家銘,0947-778805
909,wen-hsiunglin@example.net,i+8LUd%0oo,潘美惠,0916-355519
910,dchen@example.com,j3Tolhy0%#,林志明,0913-526271
911,li-chuanchen@example.org,##TJyY2X@9,魏美惠,0913061690
912,linyu-mei@example.com,@i2*_MP0X0,朱秀娟,(04) 79698355
913,yu-ling13@example.net,mU4mWw29)%,高文雄,06-44295792
914,chaohsiu-ling@example.com,K(+7SBrRr8,黃雅萍,09-23587550
915,li-huachen@example.net,M7LxgogK)f,陳志豪,01-8173117
916,yueh-ying26@example.org,P!9RVMDq+u,楊正義,0997327017
917,pin-juihsieh@example.net,^xXOw8lmD7,莊明德,028 71930778
918,li-chinhsu@example.org,bDS3UFHi&q,劉淑惠,0948-116136
919,jchung@example.com,Jge6qFQw!),黃月英,07-6068989
920,hsiu-chenchen@example.net,+%26hSiTAz,連美玉,(06) 35315151
921,chih-weichen@example.org,+4x7IeaNp5,江秀霞,052 34124853
922,li-yunkao@example.net,*7PYw0y4tl,廖柏宏,05-53443993
923,mei-huahou@example.net,4A8Pj0le$U,謝淑玲,001 22526058
924,tsaichun-hsiung@example.org,sz4Jzh*MO),陳秀英,04 7588605
925,kuo-jungchen@example.net,$7fs4Pe%$g,林淑美,027 86577873
926,linchia-jung@example.com,d77zLwvE#^,林家豪,(01) 33196026
927,utsai@example.org,E31wP_Gy&B,林欣怡,02-86908493
928,cpan@example.org,@2WOv2ZsqI,郭素貞,074 81432160
929,chenkuan-lin@example.net,!50dFFwqWr,林秀美,08-11941980
930,mei-yun47@example.com,t%4B7s5c4N,李淑敏,06 5719125
931,chenkuan-hung@example.org,W8LF9H+x^W,王美玲,016 67922858
932,hsiehhsiu-mei@example.com,oi0mmUl$)Q,李文傑,0950920622
933,ylin@example.net,g#%0Tsgoch,葉志忠,07-5071474
934,qkuan@example.net,@9ZQOjuQYy,陳聰明,02-89769284
935,shu-meichen@example.net,+VOmW5oq6I,羅俊明,084 15557302
936,ming-tehsieh@example.net,+4XfwFt6ir,蔡玉英,08-51223660
937,kchen@example.net,@8^6#Fvt8J,黃子恩,03-46174984
938,rfeng@example.com,9zfI6Wv7@T,王世昌,05 9859591
939,shu-ling82@example.com,x_q7CAQi*4,李宇軒,06 1856443
940,fengshu-mei@example.net,N^d4OwHxtN,徐淑珍,(09) 58339717
941,kchen@example.org,%^Ii#u39E4,李志成,0958201626
942,hsiu-ying99@example.net,_6PJn%q8Tk,王建銘,0904-603022
943,yueh-o18@example.org,PCsh8Al^(r,黎志遠,0923-807760
944,shu-min29@example.net,VY717Uvpy#,陳秀雲,08-20969034
945,tsung-minghsu@example.org,(5ULhKjISo,王鈺婷,0926466293
946,linkuan-ting@example.net,$c9V$dt&%8,賴淑娟,(05) 98162036
947,ya-wenchen@example.com,i1rhRhLa+C,蔡建良,09 8268742
948,ntsai@example.com,wfM(+QD)&7,謝睿恩,00 5486587
949,wen-hsiungchen@example.com,*vZuww31#1,陳玉玲,0902193954
950,tzu-ching17@example.net,k2h5+Xjl+J,周文龍,01-14714565
951,chun-hungchen@example.org,(4rb^KAt8l,徐宥廷,02 9280664
952,chenmei-yu@example.net,$81H&yFhyn,顏淑芬,058 73802965
953,bkuo@example.org,U)G7xFnZtK,賴仁傑,05 6047761
954,ming-tehsieh@example.org,phWDLEr7+6,郭美珍,08 6765086
955,kuomei-ling@example.net,(+2qWf0bT2,陳彥廷,0963-321462
956,shu-huicho@example.com,Cj*6AA$i8!,王宗翰,(02) 98395546
957,hsu@example.net,MV5cO#Fz5&,陳宥廷,0973-600475
958,hsiu-chihchuang@example.com,$^DtKbIl6+,陳淑敏,0938232886
959,mei-linghsieh@example.net,boM&1&Aw_b,陳淑貞,0935-582812
960,yu-ying18@example.org,tn(@7Jtcw%,李淑貞,05-58072792
961,hsuehchien-hua@example.com,vZdUV2LfQ+,周建志,09-12433150
962,shu-fen13@example.com,_oS7v)M%K9,王承恩,0913784401
963,vchen@example.com,uv0N@w9n)V,曾美雲,00-3968050
964,chih-haohung@example.org,_#54ZUDkn*,洪建銘,01 9507550
965,upan@example.com,^vVBKDPz5M,簡麗珍,01-92109797
966,yehpi-chu@example.org,$+4g7ZIv^V,張美慧,0914616845
967,ya-pingyeh@example.net,t$a7EKMw+k,楊怡君,096 56765638
968,vchen@example.org,sLN)570hy(,王美娟,09 5325953
969,ya-wenlin@example.net,+ZLQwWuiN4,林淑芬,01-3574232
970,chien-ming59@example.net,^*3Qv1LoXi,林冠宏,05-4452068
971,jhsu@example.com,XpH1$qaH@1,王建宏,0969027954
972,linchun-mei@example.net,b%!%7oPtH),鍾玉琴,07-3239948
973,chih-hsiunglin@example.org,gG8JbFAec&,劉麗珠,047 16512185
974,chenshu-hui@example.com,6319(fSoo_,楊淑惠,03 1988274
975,yueh-ying77@example.org,*SI5Wm#y#6,溫宇恩,0971113236
976,tkang@example.org,@6P0_Ew0(c,王素蘭,09-30822293
977,li-yun44@example.org,Zp!7Z#Dnyd,陳宇翔,0996-733394
978,hsiu-yusu@example.com,^74sCz8Ha%,陳哲瑋,0958431436
979,shu-fenhung@example.org,e2kj3Zr)*O,吳雅雯,0981497005
980,linshu-mei@example.org,!+Uf4DtM^V,蔡明宗,02-96439833
981,i-chun62@example.org,UW7AkPJgI@,蘇秀華,03 4543392
982,hsiu-fengliao@example.net,)FB1T5ZoXj,莊俊宏,(02) 27130542
983,li-chin58@example.net,(8F6Vnpgs9,余聰明,07 4129955
984,kaowen-chung@example.net,MeuFVt$t^3,吳秀琴,051 50777862
985,mei-chu83@example.org,67#0NMao+R,陸玉蘭,0978-291110
986,ghu@example.net,_8&H9!gV%6,黃美麗,09-95110580
987,liaopi-chu@example.org,(308ORzwVO,張美玉,07 2172710
988,hsiehhsiu-yun@example.net,&1Re*If4k2,林佳蓉,08 1617194
989,zhu@example.com,$2IA1b5Di4,吳明輝,(00) 94567269
990,ehu@example.net,i5NHiir4!),李家豪,00 7858044
991,chenli-yun@example.com,12AMlGIpn_,詹碧珠,0901363654
992,mei-huahsu@example.net,^GShB#n4*5,劉麗美,(06) 93028380
993,ltseng@example.com,f7E*Vyox^h,陳世昌,(09) 27953859
994,hsiu-ying70@example.com,P0ptMDbC#K,吳麗玉,0993769565
995,pin-juisu@example.net,(9rXoPlxSv,詹怡婷,0930-302150
996,houli-yu@example.net,#1L#DpS$^W,張淑娟,07 7386601
997,tsaihsiu-chen@example.com,PS@#5Psq^K,梁志成,04-67579407
998,tkan@example.org,o(10yY2k0F,許志強,0934454694
999,linwen-cheng@example.org,&3a6S&y2ff,詹俊宇,09-5242589
1000,su-chu05@example.com,(S&p!CXb58,張麗娟,(01) 62771055
